MolWt,HeavyAtomMolWt,LogP,TPSA,NumRotatableBonds,NumHDonors,NumHAcceptors,MaxPartialCharge,MinPartialCharge,MolVolume,Fp1,Fp2,Fp3,Fp4,Fp5,DissociationCoeff
381.41500000000025,364.27900000000017,3.9943000000000026,89.97,6,2,6,0.22863249951079637,-0.5448150979164449,307.9440000000001,1.6588979008025135,0.009172090971950375,0.26455544106360107,-1.24199205015217,-0.3291492653920556,2.990e-07
332.3350000000002,318.22300000000007,3.4281000000000033,40.800000000000004,0,0,4,0.23084096572957588,-0.45357199153852557,248.68000000000006,-0.30653077498785,-1.2960100897301254,-0.9095046893444785,-0.24272250183763927,0.28581074736706347,2.300e-06
455.5830000000003,430.3830000000003,5.7858000000000045,70.23,9,3,4,0.25468818020063,-0.384527580100063,364.7440000000001,1.899913462126226,0.7696616923243135,0.3416979908790383,0.06417160709384212,-0.8684197689278136,1.500e-06
157.194,150.13799999999998,0.33399999999999985,60.16,1,1,2,0.23754509816877875,-0.2246284095408808,117.69600000000003,0.32224037091576974,-0.5070804291350941,-0.9660372502924335,-0.37230669228784863,-1.080116823353601,5.000e-03
359.7350000000001,346.63100000000014,2.903900000000001,68.85,1,1,4,0.4272004177089195,-0.44952017333070005,255.86400000000006,-1.3456036842773282,-0.9248142526035443,0.13218033431400067,0.542404899103317,1.1194480144188401,3.000e-10
280.391,258.2149999999999,1.8496999999999995,24.67,2,2,1,0.1413764648097394,-0.37892497331706876,228.98400000000007,-0.03780848964325878,-0.9526913873961668,-0.7532009345181827,0.9364037776975043,-1.0218880356819902,1.750e-05
344.1720000000001,334.09200000000004,2.881500000000001,83.56,3,2,4,0.25519847536996076,-0.32197385364185516,231.76000000000005,1.6248782380722937,-0.5658618242699271,0.3804964147367649,-1.1602387749106668,-0.5531959760568036,3.000e-06
122.19099999999999,110.09499999999997,0.4709999999999994,27.64,2,1,0,0.07803198286137483,-0.3572850743247592,106.76800000000003,0.6372039243803744,-0.11959013488842901,-0.6399007935683108,0.32168703422689765,-1.2395976172602519,5.320e-03
391.42700000000025,370.2590000000002,3.9782000000000037,89.64,7,2,7,0.2320776195704373,-0.49676781818595506,307.6960000000001,-0.120118256119508,-0.6431346321137679,0.32078718009508966,-0.8746818626116679,0.614635183410841,7.200e-06
447.23200000000026,433.12000000000035,2.803060000000001,106.13999999999999,5,2,5,0.25912411222625314,-0.49003380973024985,290.9120000000001,0.8298203778759317,0.21202853425519907,0.4838764371804045,-1.1357215575580877,1.8486859136578118,5.400e-10
540.9750000000001,519.8070000000004,2.8752000000000004,156.26,9,3,9,0.24680453531822844,-0.34040045518885975,415.2480000000001,2.6866541936430544,-0.0538061020392116,1.5737656531619508,0.36994214426735045,-1.6778760757028455,1.900e-09
217.22799999999998,206.13999999999996,1.3980000000000004,62.300000000000004,1,1,5,0.23080067580395985,-0.45359505510492926,170.32800000000003,-0.5399886193636756,-1.3935187505043682,-0.13984060348353822,-0.15947925761790765,0.28864499640230945,8.500e-03
389.5410000000001,360.30900000000014,2.983200000000001,66.33999999999999,4,0,5,0.28106352817198893,-0.5438424025788584,317.68000000000006,-0.2578508661411092,0.4420988039292867,-0.9083011292044049,-0.06928969667663021,1.4649733804204796,7.000e-09
223.272,206.13599999999997,1.8828,49.77,4,1,3,0.25347294440313184,-0.504254307720223,183.28000000000003,0.23316081345070883,0.3277431886154485,-0.5702079719867128,-1.0074608852407876,0.597393336695439,7.900e-04
496.4920000000004,470.2840000000004,-1.6887199999999962,171.90999999999997,3,3,9,0.1981091887394945,-0.3841888287332571,377.3440000000001,-0.8354339338792708,0.28506934454381705,-0.23229382533776066,0.35696123008267805,-0.6843249782158437,4.000e-07
323.38000000000005,304.22799999999995,0.7634999999999992,88.0,5,3,4,0.25517205293885653,-0.33605802077359526,260.27200000000005,1.7213195940664785,-0.19483700544656707,0.8718679180845592,-0.4077616776046693,-0.4559449525983218,7.600e-05
323.40000000000003,302.232,3.6108800000000025,90.51999999999998,3,2,5,0.13899223095924276,-0.385467021042593,259.36800000000005,-0.5386810995384597,-1.9064901465480228,1.2389987281463724,2.2237581249010514,1.0857468543433406,1.000e-10
143.206,128.08599999999998,1.0967999999999996,40.129999999999995,6,0,2,0.0413836168602481,-0.5501718609055201,124.88800000000003,-0.6353684695756658,1.5500472266756193,-1.7794202731611348,-0.17199569428529085,0.883179002579656,9.260e-05
183.642,173.56199999999998,1.89802,51.8,1,1,3,0.1373118026103234,-0.3833230047453227,141.40000000000003,-1.2094092422201856,-1.291590927948703,-0.5040984352715467,0.333092729015295,0.48164042644814165,2.200e-06
442.4820000000002,424.3380000000003,5.001000000000003,99.35,3,3,4,0.252334255801735,-0.34613725772808424,353.3280000000001,0.8273405104202656,-1.4134453390960457,0.9249968204844385,-0.051950290751085926,-0.6672503442045195,3.500e-10
530.4860000000003,508.3100000000005,0.846800000000002,123.70000000000002,6,4,6,0.4347017789137816,-0.33349807227512385,395.6800000000001,0.1513254341078505,-0.2120531237242753,1.7413936830369388,-0.9607817963555636,0.6337885089579237,1.900e-10
174.22699999999995,162.13099999999997,1.1267200000000006,66.18,0,2,2,0.2702849310256606,-0.39870705255836747,140.27200000000002,-0.5219750872844716,-1.1381168119281861,-0.9418205820812978,-0.5192822814811643,-0.14339903097822626,8.000e-05
681.1949999999998,645.915,0.3454800000000042,209.31,13,5,7,0.27017153292502905,-0.4951982880453887,500.2480000000001,1.602110161372642,0.827528618949828,1.196229386176024,1.588257495510899,2.020195162429975,1.200e-11
312.34599999999995,290.17,-2.775399999999995,108.99000000000001,3,4,6,0.3300354129285409,-0.38726684400540456,237.54400000000007,-2.5089275959284314,0.21284843919761598,1.0109607034711747,0.1002493371812026,-1.604004460199945,1.720e-04
214.26999999999998,202.17399999999998,-0.4236000000000004,63.550000000000004,1,1,3,0.2495977901257945,-0.356557739284812,154.99200000000005,-0.7447579168403451,-0.6006270287790973,-0.5846368589566535,0.33347786690813724,0.06921555638070812,1.200e-03
566.8540000000002,548.7100000000004,6.240900000000003,109.59,8,2,8,0.29666976719472643,-0.4944958785945435,413.9120000000001,0.8296588859914829,-0.13533406573790707,0.8437318905513489,-1.40996835859355,1.344032339459864,7.000e-12
525.6990000000004,488.4030000000005,3.406520000000002,109.68,10,4,7,0.24061694859105714,-0.4877226266642857,413.5680000000001,1.0899721427084468,-1.7411698300126388,0.54902581440084,-0.5093316818729193,1.5074390817667398,1.640e-07
315.6890000000001,303.5930000000001,-2.1663999999999968,151.03999999999996,7,1,6,0.28766793594111295,-0.5501595041024107,233.04800000000006,0.15197261680125873,1.8617087034013218,-1.174393384600117,-0.3421580902980554,0.4444447907773579,1.500e-06
194.20700000000002,178.07899999999998,-4.632099999999995,117.76,2,6,5,0.13848763927741314,-0.3900817672156356,143.80800000000002,-1.7511085459351348,0.4347446367778296,-0.8765137934259154,0.14839204427361585,-0.5049003117070581,7.550e-07
659.829,616.4850000000002,3.0476000000000036,141.65,15,4,6,0.25135214231695757,-0.49675395841210773,535.2240000000002,2.576343176265988,0.846069978718286,0.31465833406844146,0.6413617666410028,-1.059478196212366,1.800e-09
258.324,248.24399999999994,1.3423999999999996,82.28,3,1,5,0.2649058712178131,-0.493834038312308,183.19200000000004,0.21781934735645203,-0.8650078430007384,-0.140657248755921,-0.826865763183122,0.6368217154841395,1.000e-09
458.38700000000017,440.2430000000002,-0.2488999999999995,205.99,6,5,12,0.27371339020588326,-0.5040703928416624,337.7680000000001,-1.689553432063752,1.879670292161728,3.712405805585143,-2.399278934983132,-0.0652797184871618,3.400e-08
296.3520000000001,280.22400000000005,-0.0043000000000001926,106.41999999999999,3,3,8,0.16392699412152673,-0.387483025799012,223.78400000000005,-2.500802558376102,0.3110645278312949,2.175193319925974,-0.5137094425665151,-0.8489898571815856,7.500e-07
217.19699999999997,204.09299999999996,-3.0982999999999974,121.05000000000001,3,4,6,0.12487105449806436,-0.5466428191341867,163.68000000000004,-1.0866534696587016,1.2608073701369342,-1.0113767596788215,0.34843111793126363,-0.02670313249528347,1.500e-05
326.39200000000005,304.21600000000007,4.261600000000003,58.92,3,2,4,0.12903164567997377,-0.5079666065480054,262.24000000000007,-0.5311113474242098,-0.5319381429251797,-0.9154318278851883,0.2840670857444136,0.22825131466227497,1.100e-08
151.16499999999996,142.093,-1.2079999999999997,67.77,2,1,2,0.0996773539302581,-0.5448151158059471,121.68000000000004,0.4035559746586608,1.1826527797102226,-0.9404006506014386,-0.3289594290917599,0.054660184899239656,2.680e-03
617.7900000000004,578.4780000000003,2.8702900000000007,133.28000000000003,15,2,10,0.24271965937342932,-0.8144167832890378,469.8800000000001,1.6995748036115232,0.7041395817329911,0.5605185285531515,2.1237888030434906,0.10212603948895607,1.500e-12
295.302,282.198,1.6149999999999993,116.02999999999999,3,3,4,0.3162296408509314,-0.36413044112521636,232.90400000000005,1.1318549875536088,-0.6044712359240564,0.25400802688637136,-0.7959708557502609,-0.6517281611038651,3.500e-07
226.24300000000005,216.16299999999998,1.7918999999999992,78.52,3,3,5,0.18565518621775068,-0.29962451765555204,177.33600000000004,0.4377018735388938,-1.196436356192347,0.11772722797885038,-0.46867655737620617,-1.1668331780140035,7.800e-05
395.50700000000023,366.2750000000002,-1.3885999999999934,128.66,7,4,2,0.28125770553357904,-0.35023359466359544,321.1360000000001,1.5844280574383842,1.1207871899381,1.0086834937826012,2.6514051074015232,-0.36952270010436283,4.000e-09
447.37800000000016,426.2100000000003,2.5524000000000013,75.67,8,2,3,0.24088792965485045,-0.34190716400213494,312.2000000000001,0.781161641142482,-1.1175548248647225,0.0009614087098357427,-0.7440664731525235,-0.0744121013259474,4.800e-08
184.19599999999997,178.14799999999997,0.06999999999999962,69.22999999999999,2,1,4,0.2207873870686029,-0.54384718810206,136.80800000000002,0.430786301371781,0.8333161832214818,-0.8952706768909136,-0.6316899626270229,0.9566120901245603,7.500e-03
232.19199999999998,220.09599999999998,-4.271899999999996,130.33,1,5,6,0.31358799081104854,-0.39412522426208213,166.92800000000003,-1.6598599601824051,0.4490147184410802,-0.41170717683904823,0.03474508484268707,-0.7613413248816635,5.200e-03
137.11399999999998,132.07399999999998,-0.2443000000000004,60.36,1,1,3,0.12412090067396246,-0.5446693519998786,107.16000000000003,0.46111535538727555,0.721260663273361,-1.2294283368637202,-0.7614604705259476,-0.5484204678495807,1.190e-04
442.52100000000024,413.28900000000027,6.711600000000006,40.46,2,2,2,0.41648535324298885,-0.5079560321952997,344.9040000000001,-0.053162628607780316,-1.1125523230246699,-0.8183611016268261,0.1745271778089182,-0.3056242457737788,5.000e-11
335.427,312.24300000000005,0.6754000000000016,33.980000000000004,0,1,2,0.22942134892838703,-0.37322476512477587,257.36800000000005,-0.7278844008667077,-0.8017063465722474,-0.41541675936794176,0.5451499521110712,-0.9784712557660444,3.800e-08
292.38400000000007,274.24,0.19100000000000117,66.88,2,1,3,0.2438463836749655,-0.3438383818831563,223.28000000000006,-0.10480112732761859,-1.9142567644226314,0.036176870360289826,0.3329389843414097,0.3919731109788702,3.000e-06
276.324,258.18,-5.279099999999996,147.42999999999998,2,7,1,0.3531134943790032,-0.3572811667959021,207.08800000000005,-0.6776534949988842,-0.2169322480479959,-0.6681958522212514,-0.27817838708246406,-0.6960433572517618,5.500e-08
279.067,276.043,-0.9972000000000005,89.49,4,0,6,0.1533819070112564,-0.5464326892944382,167.24000000000004,0.19052067267488204,1.2047358614158852,-0.9667689157907651,-0.6086724023968915,0.6290500012278564,1.600e-04
327.4079999999999,304.224,1.1516399999999993,64.47,3,2,4,0.181758209626753,-0.4967324893844019,260.72800000000007,-0.6054048223166031,-1.5031446336925725,-0.4342337981859392,-0.5334033432802116,0.7730926630596838,1.000e-09
404.47400000000016,380.2820000000002,3.116200000000001,103.00999999999999,5,3,6,0.2712538633422594,-0.37153711743993306,326.4960000000001,0.4935842418866907,-1.4053132127062096,1.204230541756121,-0.5001197137926783,0.5950850149265644,1.600e-08
304.324,288.196,-0.8163999999999993,116.17000000000002,7,3,6,0.25815516891742485,-0.49676711721022254,222.51200000000006,0.5645298052220942,0.7390613209137217,-0.6793330701431078,-0.8731074595759698,1.0706855175518764,7.880e-09
517.5190000000002,485.26300000000043,-0.018809999999995997,165.70999999999998,15,3,8,0.23749351280766742,-0.8144097093903133,407.4480000000001,2.2165818700823476,2.114554623647221,-0.10319362293780587,1.3040990608624814,-1.05778816694711,6.800e-11
284.74600000000004,271.642,3.7391200000000024,58.88,1,2,2,0.24816627123145435,-0.39868571774292516,223.35200000000006,-0.21165026951671617,-1.5316388780427865,-0.5528716857491385,-0.7763211437027504,-0.6503695507934898,3.900e-08
304.299,284.139,-6.663999999999999,163.2,5,3,7,0.14332530574335772,-0.5469887737242668,223.90400000000005,-1.3448812470416145,2.196065678144975,-1.2753302936139406,1.1031487903913475,0.8237866286465163,5.000e-10
285.36699999999996,264.19899999999996,0.5904900000000011,52.519999999999996,3,2,2,0.09016510648046146,-0.8234863661361664,228.47200000000007,-0.1679643312401673,-0.5200732963996535,-0.9294481257680496,0.8507398552038448,-0.33367878230706827,4.790e-07
252.73000000000005,243.658,2.4961,64.69,2,1,5,0.22407798849989666,-0.36765357611903576,186.72000000000006,0.1858180715560105,-1.3919986751108828,-0.5213139963201444,-0.4864165953231331,-0.694861983929258,6.900e-06
361.44900000000024,338.2650000000001,4.8785400000000045,68.25,3,1,6,0.15717053290405308,-0.36473181963965323,295.2320000000001,-0.17630579360166154,-1.7456099050040792,0.5798450350752997,-0.2854598034068568,0.9596315202802175,5.500e-07
805.3290000000002,782.1450000000002,-3.6322799999999944,403.9800000000001,14,3,26,0.5959351528935032,-0.755870623629785,542.7600000000001,-3.3024477183588408,1.2110030846969213,3.4308335636400127,-0.22513832486513435,-0.9787023448042098,1.600e-08
521.5050000000002,497.3130000000005,1.95742,162.85000000000002,6,5,10,0.2549543082854134,-0.5042272381847588,394.84800000000007,-1.646866627788653,1.2766284492371587,4.052544633369592,-2.047671817568005,0.072302564783891,1.000e-09
171.25999999999996,152.10799999999998,1.8769999999999996,40.129999999999995,8,0,2,0.04138361686025794,-0.5501718609055201,151.68000000000004,-0.6353684695756658,1.5500472266756193,-1.7794202731611348,-0.17199569428529085,0.883179002579656,4.170e-05
383.50100000000015,360.3170000000002,1.3392200000000005,79.66,4,2,7,0.3071781179977272,-0.3602354812171925,294.82400000000007,-0.10483665197912018,-2.050534556208332,0.6686734376353638,-0.37366130317076174,1.2555541523733027,1.490e-07
496.74000000000035,448.35600000000034,3.546000000000001,98.94,15,4,2,0.2476345466490108,-0.3400101454445638,415.3440000000001,-0.9828340690299324,-0.8695807775104917,-0.8951801178842533,0.6867397664285304,-0.47997642007857566,4.500e-09
573.9310000000002,552.7630000000004,5.884020000000004,98.78,8,0,8,0.5725975415642617,-0.5461251467794134,431.3360000000001,0.5970968712172402,0.5640532980764855,-0.025556091668784253,-1.145933928624073,1.7573246279651489,1.000e-09
227.3679999999999,200.15199999999996,3.437400000000002,40.129999999999995,12,0,2,0.04138361686025794,-0.5501718609055201,201.52000000000004,-0.6353684695756658,1.5500472266756193,-1.7794202731611348,-0.17199569428529085,0.883179002579656,1.290e-06
303.148,295.08399999999995,0.9702999999999998,51.61,1,2,1,0.28046169150069944,-0.2863252247033464,166.05600000000004,0.36888879709064404,-0.6842391260799656,-0.7388297898357795,-0.4374674756500353,-0.7292787197733059,1.700e-06
312.3480000000001,298.23600000000005,3.865400000000003,55.919999999999995,3,1,2,0.07359261901579499,-0.5447326907287834,255.34400000000005,0.9837008013931032,0.27335992696418987,-0.9962778738460885,-0.4339391960951066,-1.304693485199088,5.500e-07
258.275,246.17899999999995,-0.8880999999999992,95.53000000000002,5,1,5,0.24065643665445868,-0.5484186902596521,191.20000000000005,0.8410281131423252,0.99722922873152,-0.902642464450999,-0.5536267191422286,1.1446948683767522,1.400e-06
339.4110000000001,316.2270000000001,3.058200000000001,69.59,7,1,4,0.13161353702503778,-0.5446582380814371,281.17600000000004,1.1654683312670775,1.1837234213797045,-0.8176099363431161,-0.44743419206917867,-0.2394862627710275,2.360e-07
367.3370000000002,352.21700000000016,1.8094999999999994,127.73,4,3,7,0.23080066406351557,-0.5431186494594292,276.4720000000001,0.04776675063993663,0.15670316477298818,-0.5876294249433236,-0.6641396521894098,0.5965151274677697,6.800e-07
387.34700000000026,374.24300000000017,0.16050000000000053,117.63999999999997,5,0,6,0.2617020607902498,-0.5478605097968098,298.3760000000001,1.3296218534143862,0.7833898585696409,-0.6168042739195744,-0.38564473745473715,-0.8409540506703571,8.000e-06
402.4800000000001,380.3040000000001,2.7029999999999994,135.88,6,3,7,0.24676329977132666,-0.4756619170516776,290.22400000000005,-0.10946305860381778,-1.1190348875103022,0.5422615093641441,0.2094746306224941,0.7228490391646476,5.000e-07
149.215,138.12699999999998,-1.9000999999999986,67.77,4,1,3,0.12526464414276417,-0.5438969398591836,115.37600000000003,-0.47393147795204194,1.822084928383314,-1.297605605366679,0.34699205336782707,0.6233232475959831,6.900e-08
210.25999999999996,198.16399999999996,1.9715000000000007,66.18,0,2,2,0.21287939657513016,-0.3985273173070269,168.56800000000004,-0.34558379705125075,-1.0509243224514084,-0.9222076267372401,-0.6676747618736841,-0.4891122998748507,5.300e-04
282.24300000000005,273.171,0.6261,89.26,3,2,3,0.40527752213607987,-0.3429189652634682,191.80800000000005,0.5321651926260849,0.7597744710964162,-0.011115859073291157,-0.9075962471060772,0.3201932889339657,1.600e-08
498.5790000000003,468.3390000000004,2.3654000000000037,92.13,10,2,5,0.25157403641889947,-0.5446542668966822,397.82400000000007,1.9016872573760892,1.145180770972018,-0.12036528983715034,-0.8466205755670839,0.7472720426651214,2.140e-04
322.16600000000005,311.0780000000001,-2.9286999999999983,170.98,4,3,10,0.5955589269192685,-0.5833329371789142,220.24800000000005,-2.283842335062037,1.1311814902757185,1.4724435331566503,-0.4692933843711775,-1.5495337763884134,4.000e-03
413.4850000000002,390.30100000000016,0.8319999999999999,146.16,6,5,4,0.2701953653155623,-0.353808308592794,331.00000000000006,1.8462602948603455,-0.025624271600428072,1.1116488607165949,-1.0480246171949954,0.07278287310820572,6.200e-10
475.5730000000002,444.32500000000033,1.226600000000001,95.00000000000001,6,3,5,0.2564773412554499,-0.36684294273730594,373.4800000000001,1.232802452307904,-0.7531557451454185,0.6946784050866615,0.2469720656890027,-0.033039498202926204,5.000e-09
283.47599999999994,248.19599999999994,4.997800000000005,40.129999999999995,16,0,2,0.04138361686025794,-0.5501718609055201,251.70400000000006,-0.6353684695756658,1.5500472266756193,-1.7794202731611348,-0.17199569428529085,0.883179002579656,1.200e-07
154.11999999999998,149.07999999999998,-0.22860000000000036,66.14999999999999,1,1,3,0.14625795908239558,-0.5447315328732159,115.32000000000002,0.3290468983234618,0.5650802168250303,-0.9214869509738224,-0.9653239742904665,-0.3349322087963611,1.090e-03
255.22899999999998,246.15699999999995,0.15719999999999956,92.28999999999999,4,1,5,0.0735696206489564,-0.5447330846084061,199.12000000000006,0.7891980877326112,0.7310836065605858,-0.8829853810059087,-0.7657324172646149,-0.3444638505651926,1.500e-06
309.37300000000005,290.221,3.2207800000000013,90.51999999999998,2,2,5,0.1389922309593052,-0.3854670210425245,245.83200000000005,-0.5537160077889149,-2.0982380438246127,1.148470225967812,2.0165154786803035,1.0075864755253028,1.900e-09
134.155,122.05899999999998,-2.916699999999998,88.33,0,4,3,0.13385378104256976,-0.39007297488784737,101.39200000000002,-1.7811285061573265,0.16607792926345527,-0.9680955225070179,0.5179060041817145,-0.08635439363406522,2.650e-04
446.4660000000002,422.2740000000002,-3.1130999999999975,225.41,7,5,12,0.32091269848556986,-0.5631288580756981,320.19200000000006,-2.240121097289996,2.145622906320727,3.4112996295899842,-0.4869739374613582,-0.19432865018292134,2.700e-06
325.3280000000002,310.2080000000001,1.6236000000000015,125.25999999999999,4,3,5,0.31622964085093147,-0.4967437311726725,251.98400000000007,1.6087315530483837,-0.69112597589797,0.2304221311433361,-1.415191005624248,0.2570628603055428,6.400e-06
235.26,216.10799999999998,-4.488299999999995,126.63000000000001,2,6,5,0.21677455353188851,-0.39008194402929863,178.98400000000004,-1.4206465761933493,0.8608577424362142,-0.441408404196028,0.5686431735899227,0.4318895095691311,8.900e-05
433.3730000000001,414.22100000000023,-0.22689999999999966,184.39000000000001,6,5,10,0.27371339020588326,-0.5040703928416624,323.5280000000001,-1.2494013347638369,1.8371556541944751,2.255525302692118,-2.248050251983016,-0.40245973948756697,7.490e-05
217.15599999999998,209.09199999999998,-3.9638999999999998,122.63,3,2,5,0.3282171414649074,-0.5438478844866431,155.76000000000005,-0.6986893778244964,1.5431227302727244,-0.5302337182503515,-0.23297731874009914,-0.38945187405164744,4.000e-09
332.57599999999996,292.25600000000003,2.6306000000000003,33.22,9,2,0,0.12547761646677055,-0.3387075776555821,273.8640000000001,-1.4648668670557345,0.27844717253922635,-1.1162636718539165,0.6655487783392928,0.6630197647952016,3.600e-07
358.46999999999997,330.24600000000004,-1.8507999999999971,132.81,6,6,2,0.3531134943790817,-0.3457441341759026,279.53600000000006,-0.7389995925273183,-0.7716149172768362,-0.5811467030581471,0.7322951691532003,-0.2553395058216157,2.000e-09
489.6010000000004,462.3850000000004,4.763500000000004,120.0,7,4,7,0.20635991722332397,-0.3931285929962315,374.60800000000006,0.509668410299517,-1.2389324426311703,0.6377477752779519,0.5037342107526999,-0.8442812657073292,2.300e-09
465.01900000000046,435.7870000000003,1.8560000000000005,67.85000000000001,6,1,5,0.23932816744394578,-0.4433023422293042,352.38400000000007,-0.9125031466797041,-1.2599894704265742,0.2309156982439038,0.7999371864544667,0.5909658386202545,1.620e-06
585.7710000000003,542.4270000000004,2.778220000000001,140.73000000000002,8,4,7,0.24596817870861098,-0.39118537771972584,465.6960000000001,0.31919840279764666,0.6457758538179458,2.269054520684662,2.598214882516574,2.176772183342094,9.520e-06
364.78100000000006,347.645,1.7492900000000002,102.35,0,2,6,0.15962109016686954,-0.8234338609662869,278.82400000000007,-1.1160031477457886,0.15155307506249566,-0.6441934360865256,-0.2940177407949158,0.5008442672485927,9.000e-08
386.48000000000025,368.3360000000002,4.6391000000000036,70.67,5,2,4,0.2516719457749406,-0.3550767051016171,309.58400000000006,0.9993314044423078,-0.6084801385057276,0.41051250197925704,-0.919415344364537,-0.48077335598135973,1.000e-10
282.339,264.19499999999994,4.115200000000003,49.69,1,2,3,0.12711935492879606,-0.5079666065480054,227.44000000000005,-0.6795046565537524,-0.7717804057098574,-0.9387371789423404,0.35726426673466444,-0.5727883102111144,2.900e-10
631.6270000000001,601.3870000000003,4.389600000000005,91.36999999999999,10,1,4,0.24488134050425658,-0.3434804402799826,479.3280000000001,0.48091866151633544,-0.5004167019513723,-0.5540560909412815,0.8940863779250581,-0.9285821957812798,7.700e-07
201.20200000000003,188.09799999999998,-2.395599999999998,99.99000000000001,1,4,5,0.28631980032619536,-0.39186263900950624,148.65600000000003,-1.6295201512177935,0.3072962891667659,-0.15845829795366284,0.04947914374676665,-0.671303637248867,1.300e-05
370.8360000000002,351.68400000000014,3.533120000000002,71.19,5,2,3,0.2509126184816812,-0.38286056968796184,291.8640000000001,0.7918914997772306,-0.4795178172878864,0.3154492007950518,-1.0129577592614127,0.0016553046804285154,1.600e-08
218.27599999999998,202.14799999999997,-0.905999999999999,57.07,0,3,2,0.17698137969794542,-0.3838921388401098,178.75200000000004,-0.5439103897526677,-0.3617988879556331,-0.6199378708509358,0.2124189453042868,-0.9402584854468655,1.400e-08
252.315,238.20299999999995,-0.21630000000000082,69.22999999999999,6,2,4,0.225416139880746,-0.5496129098350094,199.13600000000005,1.518564975463439,1.5964322241457811,-0.36257265140602724,0.7692113598202168,-1.0042259924563965,2.300e-06
347.2050000000002,335.10900000000015,4.428820000000003,74.59,2,1,4,0.14274260577768544,-0.4951736903325703,263.08000000000004,-0.06548053170855295,-1.5132023133704209,-0.2849781358192438,-1.0601071673259235,0.7797672741317369,3.000e-08
309.29400000000004,292.158,-1.970499999999997,127.12,4,3,7,0.17010797341103298,-0.5469771911097234,236.84800000000007,-0.28487186627343397,1.052389890592802,-0.9759333249622402,0.17997936534206316,0.9737337274738136,2.600e-08
204.22899999999996,192.13299999999995,-0.9291999999999998,83.56,3,2,2,0.12862120647330577,-0.5438886667694569,162.00000000000003,0.5901656256019359,1.2044083383646145,-0.992331980155456,0.28360584514776005,-0.8704135878524355,6.480e-05
379.5020000000001,352.2860000000002,0.8471999999999991,98.33,11,3,5,0.24293434715525242,-0.5479091684628157,304.6240000000001,1.7421501887600113,1.8542459330128525,-0.4564781226060951,1.4949870579846396,-0.7154864705208843,4.800e-08
301.20799999999997,282.05600000000004,1.0163,41.970000000000006,3,1,3,0.15360823014692407,-0.4909587596451753,203.28800000000004,-0.7450207878544838,-1.3075260924535765,0.11000516619410083,0.08025241521777449,1.1251882096531554,6.700e-11
518.4630000000004,485.19900000000047,3.1876000000000015,42.599999999999994,7,3,3,0.15138372830130678,-0.5063174887413001,364.68000000000006,0.3438641354745047,-0.8599013256595925,-0.3620217625381441,1.0323818600613675,-0.09772244927336048,9.700e-06
244.29899999999998,234.21899999999997,0.5975000000000004,51.5,2,2,4,0.31108597065603094,-0.44808686364862166,185.43200000000004,-0.6912664128338454,-1.23570077077617,-0.35319891605810083,-0.6954867853340235,-0.3105325012607246,1.000e-06
547.7030000000003,510.4070000000004,3.859700000000002,94.87,10,3,3,0.27018268303282117,-0.4888919856228378,449.04000000000013,2.347639770930209,0.6771579584653772,1.2020433984552465,-0.17525128938636467,-0.4460734711499077,8.200e-08
475.86200000000036,461.7500000000004,4.533300000000003,90.3,4,1,6,0.22724169739975575,-0.5448150979164449,357.6160000000001,1.6755790458049216,-0.7166666283597133,0.29615040998427267,-1.2824115670295404,0.764098369768741,1.800e-09
352.81399999999996,331.64599999999996,2.9876900000000024,89.82000000000001,0,2,5,0.13767494283992907,-0.8234443155506026,273.08000000000004,-0.6780859297677702,0.12494169230667795,-1.035663762934131,-0.5819365371230887,0.20140720869104559,2.100e-07
271.12800000000004,267.096,3.4446000000000003,45.75,0,1,3,0.26820067209724174,-0.31190591963857717,182.77600000000004,-0.5852230548690982,-1.2731032439264127,-0.30730449322952547,-0.43594584037165374,-0.32618735866872417,1.301e-07
427.2760000000002,413.16400000000027,-0.013199999999998768,169.51999999999998,8,2,7,0.5284318485289848,-0.6042585366014145,311.48800000000006,1.3086351012980226,1.4024142498262813,0.12309788126189214,-0.5735524216711847,0.3665310753667981,1.200e-05
231.272,212.11999999999998,-3.7553999999999954,94.23,1,5,4,0.216880084017097,-0.3877691957242931,176.56800000000004,-1.2512622219589729,0.36145489959346966,-0.5081335269322441,0.798007012187673,0.7414735559793111,2.200e-07
243.32999999999993,224.17799999999994,1.2806999999999995,60.5,0,2,1,0.24763589891393373,-0.34506314847296954,201.40000000000003,-1.1774840362629597,-0.9682607153929133,-0.7961319216094821,0.43807640338176485,-0.5509044984262013,4.300e-06
234.27900000000002,218.15099999999995,-0.7086999999999992,85.75,1,4,3,0.17359110493465638,-0.3839203129792171,181.17600000000004,-0.5676390061785994,-1.0246310417668614,-0.25071831823031343,0.021116330755179546,-1.131399423891989,2.000e-06
177.22699999999998,164.12299999999996,0.6579000000000002,63.660000000000004,2,3,1,0.1158381651100169,-0.5079413893625565,142.78400000000002,-0.14718927686898586,-0.47391569984969417,-0.6382381608282326,-0.23816391753680122,-0.5964849726185736,6.930e-04
248.34999999999994,226.17399999999995,1.4568999999999996,69.63,3,2,2,0.226984618743129,-0.3551304543876301,206.60800000000006,0.1241241792055583,-0.05919718371341645,0.3026755696594201,0.5851718369663512,0.9605629848684383,1.750e-05
255.42199999999988,224.17399999999995,4.217600000000004,40.129999999999995,14,0,2,0.04138361686025794,-0.5501718609055201,227.37600000000006,-0.6353684695756658,1.5500472266756193,-1.7794202731611348,-0.17199569428529085,0.883179002579656,4.900e-07
385.4640000000002,358.24800000000016,2.3557999999999995,95.67,5,2,5,0.2426794059553964,-0.4435215618032338,308.5200000000001,-0.1167377588856654,0.28789486723485347,1.6234462079455454,1.5975881128583416,1.5416984547156691,2.220e-05
318.30500000000006,302.177,-0.8535999999999988,126.76,5,3,6,0.22420567216896614,-0.5466423715243682,247.96000000000006,0.36880567016701327,1.1509604809543053,-0.5426251018704271,0.307015778910151,-0.6363306790748601,2.300e-06
441.47700000000043,417.2850000000003,4.327300000000003,82.52000000000001,4,2,3,0.2738313146826804,-0.3551036244155897,337.70400000000006,0.5702478848362453,-0.9581846895025451,0.6867761238459276,-0.15793065672898773,0.796061722273575,6.000e-12
187.22,178.14799999999997,0.3426,69.39,2,1,3,0.23754972864238547,-0.4967671172273829,136.33600000000004,0.031179097174842685,-0.146350499403823,-1.1541816231836308,-1.0639484814266638,0.6721672653929209,1.500e-03
466.61500000000024,436.3750000000002,1.50522,104.52000000000001,7,4,6,0.3029117739115429,-0.33443885282679614,361.0640000000001,0.38715627602665625,-1.5464842584690772,0.8774824642031154,0.45464532911355576,1.4083935511077863,5.900e-09
176.19200000000004,162.07999999999998,-3.502899999999996,97.53,0,5,4,0.22688720405094764,-0.3870631084107775,128.79200000000003,-1.6480710639946565,-0.2272040951662999,-0.9441221571596969,0.6730058281747546,-0.20199014997323347,3.300e-06
652.744,612.4240000000002,2.428000000000001,157.58,13,6,8,0.25204340881728843,-0.3902752405876739,525.4800000000001,0.7087554205491691,0.8130498498157356,0.16076915767466615,1.2309485699119387,-0.93448268438072,2.000e-10
196.182,186.10199999999998,-0.35050000000000026,84.61,3,1,5,0.16231146853652764,-0.5447309740348664,151.38400000000004,0.03284356783534326,0.7584682273594751,-1.1785607878875457,-1.1638843477193044,0.7709170595008804,1.500e-05
427.5580000000002,400.34200000000027,1.8036200000000004,108.46,8,4,8,0.18048314834779083,-0.38989483109802336,333.39200000000005,-0.2166125168052957,-1.0436639565250256,1.1658209372453083,0.0154939654596159,0.6503740767159836,2.000e-11
347.4180000000002,326.25000000000006,4.1602400000000035,68.02,5,1,4,0.250788423186411,-0.4210215749900009,283.41600000000005,0.2068857415821268,-0.3818646322847793,0.9063822673130495,0.10451722727994012,0.7592265700482987,4.800e-07
927.1429999999997,860.6149999999996,-5.292300000000024,326.7899999999999,28,11,11,0.2784046523904098,-0.5478821782128142,724.5360000000002,1.7335151405818596,0.994820637542937,0.803271939311794,3.359762521146714,-0.8803811539772868,1.000e-09
336.3260000000002,323.2220000000001,2.5589000000000004,76.02000000000001,3,2,4,0.3219274593316039,-0.32176573852246765,255.69600000000005,-0.13168597982357033,-1.313977557098701,0.02343220324673001,0.32418899555016883,-1.1768837142940183,1.370e-07
176.17899999999995,168.11499999999998,0.08750000000000024,97.79,0,3,4,0.2597252159482996,-0.3987066819878804,136.04000000000002,-0.23601512949308723,-1.4369457484169992,-0.4903114128296301,-0.6034617406729508,-1.2478584391345184,3.500e-07
189.27899999999997,168.11099999999996,-1.705009999999996,39.97,6,1,3,0.08638187327788394,-0.8142822956925769,161.30400000000003,-0.8402583433861178,1.1713090753669033,-1.1068252608746265,0.19950989163316374,0.36887684602523463,7.900e-08
519.4470000000005,487.19100000000043,3.1545000000000014,39.8,7,2,3,0.15138372833216104,-0.5063174887411812,363.31200000000007,-0.01738913419669197,-0.7696259297656481,-0.3364829121616322,0.9548120458385503,-0.06906616520601332,2.060e-05
631.751,594.4550000000003,3.225800000000003,128.64000000000001,11,3,7,0.2830331363802538,-0.4918157849035441,498.9840000000001,1.200262158108064,0.49359746093593504,1.0755098627577346,0.10762581360250323,-0.6135729288738292,1.100e-08
328.39500000000015,310.25100000000003,2.6719000000000017,87.63,3,4,1,0.2701959485209477,-0.5065958682656553,260.2080000000001,1.013732523115363,-0.8171257725888663,-0.38322852393317164,-0.5985211341249853,-2.0705334117230616,1.100e-08
290.248,274.12,-5.864899999999996,166.82,4,3,8,0.12764756373197303,-0.5469888044686896,209.74400000000006,-1.483527095319114,2.298490971422877,-1.1522398071041438,0.9255516306697606,0.4558553698431278,7.700e-09
508.6000000000003,480.37600000000043,-0.6751999999999956,158.22,8,3,5,0.2701815191574403,-0.5478896435195088,393.9200000000001,2.217354479268301,0.8749795838636808,0.6478085354699361,1.5933155193212825,-0.030120492828567325,2.640e-07
350.2050000000002,337.1010000000001,3.866690000000002,73.0,5,2,4,0.13578586705399034,-0.8094549723949864,261.85600000000005,1.1899718514720985,-0.6485177435077741,-0.22233881566879554,-0.4983586841925004,-0.24562260627973903,1.890e-06
336.3610000000001,317.2090000000001,3.9809000000000037,55.04,2,1,4,0.4159102346407485,-0.3677129489687382,257.49600000000004,-0.55305304543729,-1.8855363445871505,0.21990920129106684,0.1382498233992907,0.7019361640332619,4.000e-10
313.38600000000014,298.2660000000001,3.399420000000002,82.96,4,3,7,0.22724901834098876,-0.5079643157845182,242.94400000000005,0.1556898640310631,-1.3850421559599142,0.19775199710837765,-0.7712971374014117,0.9470633227382286,7.000e-08
267.245,254.14099999999996,-1.9109000000000005,150.4,2,5,8,0.15236161869715054,-0.39356816519279264,198.28000000000006,-2.2243674826400524,0.01610686132259498,1.0379138200478717,-0.36210280278872,-1.5264353928599748,1.000e-05
416.75800000000027,403.6540000000003,4.138080000000002,82.35,5,2,4,0.41726109419870644,-0.4899232611035011,298.09600000000006,0.9194720977290698,0.05892169253592061,0.7436452332756207,-1.6458973616623294,2.0553029482150262,1.700e-09
418.5810000000002,384.3090000000002,1.2759999999999991,38.34,7,3,2,0.1489207822965016,-0.5061202829791904,354.8400000000001,-0.0912454401688142,-0.9256853206781218,-0.16858030456340667,0.9812625304106097,-0.14938933730037307,2.710e-04
430.37900000000025,416.26700000000034,2.8795800000000016,107.25999999999999,5,2,5,0.4172610941986014,-0.3792048731513682,307.7680000000001,0.7604861448674918,0.5503106628636152,0.2724258101789103,-1.0476799281992621,1.843375903051641,7.600e-08
123.15899999999998,114.08699999999997,0.6756399999999997,51.8,0,1,3,0.21992473826373019,-0.3677767633937457,103.35200000000002,-0.6273078350052326,-1.1955285907430886,-0.6415488996631643,-0.6072792034614183,0.14196322337051995,1.300e-03
515.5860000000005,488.37000000000046,3.7852000000000023,109.73999999999998,5,2,6,0.2735480241709051,-0.3179399379446779,382.5760000000001,0.7370386819967125,-0.6502339196185913,0.785108977721831,0.9881675832458299,-0.16276419199389702,9.000e-11
248.30399999999997,232.17599999999996,-1.493699999999999,94.31,2,4,7,0.15915397655710303,-0.39356768084417143,182.14400000000003,-1.8987157937044183,0.46403070172974015,0.17613784898064289,0.03855312588260573,-0.24880664285484652,5.000e-08
299.825,279.66499999999996,4.275600000000003,40.16,1,1,1,0.21411825244785537,-0.3976151942542789,240.64800000000005,-0.6277260343594746,-1.1848682344192372,-0.49483476769472,0.2619800581153762,-0.04769297608901685,1.300e-10
339.35000000000014,330.27800000000013,-1.0463999999999998,126.43,6,1,7,0.2418712067947017,-0.5448151159911876,243.84800000000007,1.0704402448382808,1.1670314789801393,-0.5593576568527947,-0.2633387178337989,0.704027455163693,1.800e-05
189.23799999999994,176.13399999999996,-0.15639999999999965,45.71,0,2,1,0.240611516996724,-0.3450262135589557,148.76000000000005,-0.34740479835343296,-0.9968854233474401,-1.036195754408051,0.12275268517926363,-1.1707201721568485,1.400e-03
404.75600000000026,379.5560000000002,1.6501999999999992,50.8,3,3,3,0.15139496101072467,-0.5062430316395724,276.08000000000004,-1.0523106260849031,-0.6792526517132155,-0.6195383440456259,0.47313153290387516,0.17163570414778692,1.040e-03
336.48500000000007,310.2770000000001,0.44899999999999984,92.25999999999999,7,4,5,0.15076014319245784,-0.3866905288307241,264.34400000000005,-2.0644078459907447,-0.7122389264564135,0.5704136237891304,0.6649593776198488,-0.05065471027141222,1.500e-12
347.41800000000006,326.25000000000006,4.221060000000003,68.02,4,1,4,0.2510153422855376,-0.4210217853878498,285.95200000000006,0.29184342041694533,-0.6656385141481178,0.6814597032606231,-0.05086759040399014,0.7464433074256356,1.000e-08
272.388,248.19599999999994,3.609200000000003,40.46,0,2,2,0.11537061826422038,-0.5079560321952997,224.88800000000006,-0.8644340064121849,-0.9062176694507451,-0.9104181939609304,0.35651346415184487,0.007407310750513263,9.200e-10
222.31199999999998,202.15199999999996,0.2538,41.970000000000006,3,1,3,0.13912205051987728,-0.4921869926788652,182.61600000000004,-0.4689419294795094,-1.4770348165458103,0.21933672953477168,0.0964215868641865,1.0602128016220256,2.200e-09
294.40400000000005,274.244,-0.7212999999999992,92.25999999999999,4,4,5,0.15076014319245784,-0.3866905304082753,224.91200000000006,-1.991680863796638,-0.7062758678710717,0.7334046102907579,0.643080341599437,-0.13596561577893665,5.000e-12
408.47700000000015,383.27700000000016,-0.8064999999999969,93.43,4,3,2,0.270171579398857,-0.32493121243692896,319.0640000000001,-0.42239412763118045,-0.10429114756685728,0.12265011539251014,1.0228895046146818,-0.0917034557893762,5.700e-08
560.6440000000005,520.3240000000005,1.0956900000000025,169.47000000000003,5,3,10,0.25090137979846217,-0.8145797462948847,455.3520000000001,-1.1513218446508493,0.11281237365946989,-1.1327062853435732,0.41233483458798986,0.016472489014788955,8.620e-06
700.9339999999997,670.694,4.041800000000003,167.45,12,3,7,0.24242874562745476,-0.7959617978884175,501.9760000000001,1.6141279912992,0.6120956857189992,0.8780009418862618,-0.018328124300076187,-0.06311568416743137,2.800e-10
460.4930000000002,434.28500000000025,-2.7229999999999963,225.41,6,5,12,0.3212003496029241,-0.5631288571201822,332.5680000000001,-2.2715532972076025,2.1355089583631925,3.514437300565988,-0.5846685374007548,0.07020442686843334,9.600e-07
720.9619999999999,672.5780000000001,4.592490000000004,151.77,19,4,10,0.31765341986189105,-0.8144166577831562,573.9040000000001,2.239063114454756,1.442414008983949,0.5187978197742757,1.6683419975538942,-0.5395384314535452,1.500e-08
413.4310000000002,396.29500000000024,1.624500000000001,113.60000000000002,7,1,7,0.2738575022279783,-0.5481954145315271,307.63200000000006,1.3993692984695172,0.7697042043556069,-0.3929330714384507,-1.0235071486657754,0.8797906371673943,5.000e-05
513.5460000000003,486.3300000000004,4.564200000000003,122.16000000000003,6,3,7,0.2586573481097584,-0.5073333297546713,401.6720000000001,1.243051272737655,0.1861402392602729,0.0042472694337460926,-1.2065035775551827,-0.10322806132856585,3.300e-09
252.73,243.658,2.1208799999999997,52.28,2,0,4,0.20781714578412855,-0.34533533963257107,188.88800000000003,-0.5056710579956454,-1.0046448272658424,0.4597334918113234,0.49112295717443083,0.5846247949176674,2.970e-07
192.17100000000002,180.075,-3.1790999999999983,125.54,1,6,6,0.173357130068607,-0.40935982483557504,140.36800000000002,-1.6836218050321068,0.21766135145583076,-0.7296746999964704,0.1580960536726682,-0.8330473038490349,3.840e-07
607.5040000000001,584.3200000000003,2.0761000000000003,138.9,10,1,9,0.21778331276780458,-0.5464326892749398,421.8480000000001,2.102083834456079,0.6619310491115964,0.2507339696339934,0.6069481882486096,0.19761941084081244,4.000e-09
301.1390000000001,292.067,4.222500000000002,30.21,1,0,2,0.19281620043130618,-0.455819935679636,202.08800000000005,0.21681711578726603,-0.8671662324313475,-0.7950562357518147,-0.7303803424209583,-1.147084533597782,3.130e-07
502.6520000000003,460.3160000000004,3.3850900000000017,137.1,3,4,7,0.2504747999539677,-0.8145814668823402,411.3280000000001,-1.4247697760265896,0.17710086655589918,-1.1900513808751396,0.4665113198286603,0.25375277306604715,3.000e-09
514.2170000000002,502.12100000000027,7.441500000000002,68.29,5,1,4,0.2628814127432898,-0.4525774637625479,359.0400000000001,1.4023410912545748,-1.5045951777563311,0.14015417255844587,-0.9718280508610542,-0.12319580244290954,1.000e-08
950.1409999999992,876.5569999999993,-8.379999999999994,462.81999999999977,32,16,14,0.33826574376463064,-0.3869409398501935,740.5280000000001,-1.5355452250341148,2.124830968460936,3.237052743499616,0.04347241269721791,-0.6613686380777426,9.000e-09
298.34300000000013,286.247,3.4875000000000025,69.22999999999999,3,1,4,0.1246243370606757,-0.7440185002720637,231.40800000000004,1.130093043465087,-0.5574758998889545,-0.6215319883765958,-0.675141528255907,-0.7372923483622543,3.700e-05
230.30899999999997,214.18099999999995,-0.17420000000000013,60.44,3,1,4,0.22368217930631765,-0.5478894259339083,176.81600000000003,-0.9571757323097441,1.075623774726464,-0.7971857095634456,0.869338007143319,1.0827941089306714,8.000e-04
165.12399999999997,160.08399999999997,-0.22120000000000073,58.59,1,0,4,0.23080067264911416,-0.5448126907119627,124.18400000000003,0.054914921438960373,0.6806240237645496,-0.951376746349481,-0.7685091383739464,0.15082294111997865,5.100e-03
468.68600000000026,424.3340000000003,2.7658000000000005,98.94,13,4,2,0.2476345466490108,-0.3400101454445638,391.7680000000001,-0.9828340690299324,-0.8695807775104917,-0.8951801178842533,0.6867397664285304,-0.47997642007857566,8.000e-10
296.3760000000001,278.232,-1.3883999999999983,124.66000000000001,3,5,6,0.15076038334053127,-0.3838756130051744,222.36000000000004,-1.9403686469173467,-0.43446626478403655,0.7808559602178724,0.0064082765873473835,-0.31748060028213576,7.700e-11
239.23099999999997,226.12699999999998,-3.6142999999999983,122.63,3,2,5,0.3282699595144358,-0.5438478835611593,181.53600000000003,-0.8163025843848153,1.4102914846163457,-0.846613328099139,0.6671874830028377,-0.2344306618595388,3.590e-06
671.8630000000003,620.4550000000002,1.675300000000004,167.95000000000002,12,6,6,0.27822111690445034,-0.3850681428574626,543.3200000000002,1.9106731395945116,0.2927194545326569,1.2336482923162182,2.6909648387996477,-0.5107269330463998,4.800e-08
212.225,198.11299999999997,-3.3695999999999975,96.86999999999999,4,1,4,0.13003868577281888,-0.5501557963577898,167.13600000000005,-0.8553849012175055,1.1746467778267564,-1.3202393496927198,0.39642016243988915,1.0705656800515735,1.600e-07
424.17900000000014,412.08300000000014,-2.5717999999999996,235.10000000000002,6,3,15,0.6026754932760469,-0.7534138280681596,283.7920000000001,-2.7313885624610377,1.6428653951679921,2.9575624806578187,-0.9103368698455725,-0.9853488862452783,1.200e-06
196.24800000000002,182.13599999999997,-3.559699999999999,105.4,1,4,4,0.1351266006906614,-0.3888009075091909,141.76800000000003,-1.5651429893668558,0.43124259311456115,-0.9092977270636289,0.0015724528353600054,-0.020062899019749725,1.500e-07
215.25599999999991,202.15199999999996,1.1372999999999995,71.77000000000001,3,2,3,0.25198692758846286,-0.36930704529666203,174.43200000000004,0.6043385381526527,-0.8773525197783708,-0.27269546734718975,-0.0781436617273513,-1.9679435604832742,2.200e-04
449.4410000000001,430.2890000000002,0.9259999999999995,175.28000000000003,7,5,10,0.27371339020588326,-0.5040703928416624,332.8880000000001,-0.7882072989971205,1.5078282803975052,2.1603124330521615,-2.1599010936633265,-0.050294811437487014,1.320e-07
352.7850000000002,339.68100000000015,3.1291200000000012,77.10999999999999,3,1,6,0.2618041456019278,-0.3062696879688585,268.10400000000004,0.7762609841722932,-0.7936450317555765,1.1481151075285283,-1.1629394910203381,0.5895444656705982,1.190e-08
257.35699999999997,236.18899999999994,1.0658999999999998,49.47,0,2,1,0.2476352913655649,-0.3370615072165501,209.68800000000005,-1.1779923160162975,-1.424909138830463,-0.8476906122590033,0.7448150366617885,-0.33199127687512864,3.340e-07
199.31399999999994,176.12999999999997,2.6572000000000005,40.129999999999995,10,0,2,0.04138361686025794,-0.5501718609055201,177.01600000000005,-0.6353684695756658,1.5500472266756193,-1.7794202731611348,-0.17199569428529085,0.883179002579656,5.810e-06
340.332,320.1720000000001,-2.339399999999996,145.01000000000002,3,5,8,0.33011154581432056,-0.3935668663261566,259.91200000000003,-2.8637254738462605,0.8098700636722264,0.8308923333487568,-0.10856174958868087,-1.4141731638637904,3.030e-04
331.3750000000002,314.23900000000003,3.961000000000003,71.18,5,2,5,0.23207761921995312,-0.43684642800553086,264.33600000000007,0.3095036063487355,-0.604257188609755,0.3978536075479302,-0.2190284373443443,-1.1226963524534401,1.370e-05
269.25600000000003,258.16799999999995,0.4656199999999999,92.28999999999999,4,1,5,0.07357960134805351,-0.544733084608406,212.51200000000006,0.921834167063031,0.533077251763951,-0.7718654427893152,-0.8504402482309705,0.13133254838482997,6.800e-06
381.5040000000002,352.27200000000016,1.5318000000000003,71.25,3,2,4,0.2803854491076331,-0.3460900131889097,305.26400000000007,-0.44118536921610985,-1.340805062774848,1.4844935934371046,1.7262748418770555,0.9994213974793398,2.200e-08
136.17799999999997,126.09799999999997,-1.266799999999999,77.63,1,3,1,0.2701737794241359,-0.39872819584713487,112.42400000000002,-0.1929483180076036,-0.28578722171127213,-0.8076777389261695,-0.3404961940642752,-0.6131987193961073,8.000e-06
205.18899999999996,196.11699999999996,0.7337999999999995,62.5,3,0,4,0.13734697141970068,-0.5498037369040675,159.31200000000004,0.34586275995508453,0.8386876966233076,-1.051490179570917,-1.1251082067069602,1.026300727282369,5.000e-04
347.30700000000013,329.1630000000001,2.5115999999999996,95.53,8,1,5,0.46131709186394293,-0.6090120379213424,270.68800000000005,1.64317140729448,1.1500566093724136,-0.10231951725738031,0.006204040050377335,-0.8894566788277274,4.000e-08
374.32200000000023,361.2180000000002,3.8847000000000023,90.13000000000001,5,2,5,0.5725963173373435,-0.40579734745430823,279.24800000000005,1.332612018365157,-0.45481762477751764,1.050189559949293,-1.5723334506642994,0.18338170398377499,5.000e-07
305.30100000000004,294.21299999999997,1.9952999999999994,112.24,3,3,5,0.2551834516487843,-0.32197410175467084,235.94400000000005,1.749396444902259,-0.9115787130732103,0.6137196879591722,-1.2899105208475767,-0.39641119300838334,1.100e-06
650.8050000000001,602.4210000000002,-2.3906799999999944,231.73000000000002,11,6,6,0.3785281284256932,-0.36787773010579977,528.6000000000001,0.4811528595507082,0.8342338587657324,1.1625478991295546,2.840460060208067,1.0384100981467843,4.400e-06
317.4060000000002,288.17400000000004,-2.1009999999999938,107.36,7,5,5,0.44642580961617656,-0.4269569817332727,251.44800000000006,-1.9594178806267903,0.2955155144497835,-0.5992112823925526,0.6506365028941246,0.43305103541013,3.520e-05
406.44200000000023,384.26600000000025,4.512000000000004,113.37,3,3,4,0.33745432198196695,-0.30594930459841546,330.04800000000006,1.7739294089823807,0.24838318453971042,0.20791672992312038,-1.2907589314931842,-0.09526611435449084,2.900e-07
443.3490000000004,415.1250000000003,1.0677999999999994,50.8,5,3,3,0.1513837283112849,-0.5063174887412616,298.28800000000007,-0.9893471799569684,-0.6502550260794564,-0.8033977865367624,0.9177700078209556,0.5751044654052158,1.070e-04
312.3160000000001,301.22800000000007,3.245000000000002,45.75,1,1,3,0.41591024997514114,-0.30624952435844266,222.51200000000006,-0.3886514810501024,-1.408919896291089,-0.37174191585812566,-0.4851309014192267,-0.18614827080128138,8.000e-09
594.664,560.3920000000003,3.0865000000000045,110.59,13,2,7,0.25203358590838415,-0.5446516560325644,476.99200000000013,1.2517699817244101,1.3836080202693801,-0.39555374898301277,-0.22336630400358456,0.6616883956607936,7.600e-06
411.7940000000001,393.6500000000002,1.5865899999999995,151.54,7,5,8,0.22430853993276617,-0.8234553877011475,301.33600000000007,0.48475611174901867,1.0693474831350356,-0.8865285939921267,-1.1389645766827714,1.279430061140406,8.700e-07
283.28000000000003,266.14399999999995,-1.7836999999999983,119.25000000000001,3,5,6,0.2528394462995022,-0.39356687030925713,216.55200000000005,-0.36257659545101983,0.9998164966474027,0.5483512648720414,-0.19221010215243772,-1.6812302904559013,8.100e-05
244.29799999999992,228.16999999999996,2.0627,70.67,2,2,4,0.2741251265935312,-0.3667232842035885,193.02400000000006,-0.9126041892711236,-1.570346700124463,0.4511439121183043,0.7316961901286336,-0.21156838134558018,2.350e-07
387.3740000000003,373.2620000000002,2.8764800000000017,103.04999999999998,4,2,5,0.2740600648550425,-0.34237838294957695,299.5760000000001,0.6340587696669211,-0.07374039064392438,1.1979443353603922,-0.7268858085165564,0.5259859680949792,1.100e-09
238.24199999999996,228.16199999999995,3.165600000000002,50.44,1,1,3,0.19281620053553963,-0.5079662131563947,188.92800000000005,0.18654940532431974,-0.6815131166538447,-0.7911605745253043,-0.6767831727822979,-1.1690237018480258,7.880e-07
256.33299999999997,238.18899999999994,1.1193200000000003,63.11,1,2,3,0.13899221936776812,-0.3461203571815216,199.20800000000006,-0.7610429510247037,-2.6497745120255884,0.8644463189274638,1.4243407923448845,0.8600694789088874,2.000e-07
381.3850000000001,358.2010000000002,-1.3663099999999955,155.70000000000002,8,5,9,0.2513666102068245,-0.7961477551778846,293.36800000000005,0.05163277867840854,1.4725147532186331,0.05474524020159621,-0.11503140175394547,-0.731393088553554,2.500e-06
258.25,242.12199999999996,-3.806499999999997,126.36,4,1,6,0.1276475430530751,-0.5469888252708364,192.57600000000005,-1.04776859401781,1.879583833857339,-1.2500008902694941,1.161728796648467,0.6897489470248427,1.260e-07
295.36199999999997,276.21,1.5428999999999997,56.32,3,2,3,0.20988289129926177,-0.5078224248802574,240.43200000000004,0.26584143892380885,-1.310084776072188,-0.2880038121375157,-0.3281679386614477,0.4264820055709698,3.000e-09
320.4380000000001,298.26200000000006,0.889520000000001,66.88,2,1,3,0.24365271723578832,-0.3448909000326946,249.71200000000005,-0.28257981432059054,-1.8423668366840524,0.04701864798776412,0.5173159111285393,0.539335952003504,1.100e-06
497.6190000000002,464.35500000000036,4.332920000000006,84.21,5,2,5,0.2551814025756814,-0.37777781989763004,398.6320000000001,0.8639107174395686,-1.496244983758769,1.3357015405061377,-0.29071726720378654,0.8069120690972177,1.400e-09
183.18199999999996,173.10199999999998,-1.2713999999999994,67.77,3,1,2,0.12854154572089793,-0.5438886743526022,141.83200000000002,0.3810876983501361,1.7638612929509274,-0.7988696780736418,0.35621596276198314,0.012934189516699696,9.500e-07
510.73900000000043,462.3550000000003,3.9105900000000027,75.72,1,2,4,0.15762804634383265,-0.8271841990249287,419.8640000000001,-1.5019582010004524,-0.0656037371155469,-0.6598494418254289,1.0814433399528929,-0.07017675230144499,4.700e-12
469.4750000000003,437.21900000000034,-0.6039099999999955,165.70999999999998,15,3,8,0.23750330373222633,-0.8144156955871302,366.3680000000001,1.9958477840944817,2.0408345841424156,-0.05245810107977533,1.0856011229488784,-0.7901349759403398,9.100e-09
415.5210000000002,388.30500000000023,2.483200000000001,59.13,5,2,6,0.24703598538299365,-0.4967678029320774,331.0640000000001,0.8902654765297771,-1.8728606505544776,0.20406143762469764,-0.6593933591880387,1.256942333506163,6.000e-10
410.2880000000002,388.1120000000002,2.0357999999999996,89.53999999999999,5,1,4,0.2555230987270835,-0.5501563144294502,290.36800000000005,0.18302023387209498,0.9311384958529497,-0.3477371767903963,-0.01185677260473944,1.15746445670105,3.100e-07
180.19100000000003,170.111,0.22429999999999983,87.89,2,2,4,0.6849957616592031,-0.3265884110747338,141.04000000000002,-0.5994222590534859,-1.2683974805481029,-0.5636469754440827,-0.04663900231560153,-0.09668528686993498,4.400e-03
320.23800000000006,303.10200000000003,-1.804799999999997,160.22999999999996,6,1,8,0.4897698683377674,-0.6067008215603187,238.15200000000004,-0.28427902813228245,1.7780277113047886,-0.4202051216283865,0.05550219482017771,1.0288298265082374,1.898e-05
458.51400000000024,432.3060000000003,1.4799000000000033,92.13,10,2,5,0.2515513637960039,-0.5446516560325644,365.9040000000001,1.3797336693684126,1.473090235694567,-0.050628499725269505,0.36899315074275346,-0.5215086567948592,5.190e-04
508.4340000000004,482.2260000000004,3.686600000000001,101.52,7,1,7,0.15404957764442198,-0.5464326892749398,363.77600000000007,1.1683668090082304,0.8111759550301708,-0.11604102093859425,-0.29495610857234206,0.7375219023927618,3.600e-08
150.17800000000003,136.06599999999997,-4.875499999999997,93.91,1,5,3,0.18043585744830903,-0.3898766673539788,111.91200000000002,-1.9047572061657667,0.30094772381902024,-0.8154425590832509,0.49174639352907884,-0.3509742501639369,6.500e-08
194.19800000000004,184.11800000000002,-0.051600000000000035,87.13000000000001,2,1,5,0.2702447292799059,-0.27167720050478295,150.24800000000005,-1.0286979847698354,-0.6767555547894979,-0.3461263958556968,-0.07505574977331836,0.23271195881403703,3.000e-03
494.04300000000046,461.78700000000043,1.6475999999999995,142.59,7,6,2,0.2978874012785681,-0.3573311897069298,385.26400000000007,1.756377110200832,-0.3757900215056769,0.8640682677402671,1.8090329997702927,-1.2694280185668547,3.000e-10
483.5480000000004,456.3320000000004,2.8187000000000033,94.26000000000002,2,3,6,0.25421628195319507,-0.370161917008062,374.0080000000001,-0.6778144294045956,-0.7123702472868805,-0.2553766699514677,0.40988118434649684,-0.6680260066984702,5.600e-09
666.8650000000001,618.4810000000002,1.9995000000000054,161.52,16,5,6,0.28051228823958363,-0.38662145713450874,528.1440000000001,2.341852943223089,1.1575017295354066,0.5635208247477088,1.1802644881406796,-1.3969952373007606,1.700e-11
246.27399999999997,232.16199999999998,-4.1122,108.16999999999999,0,6,1,0.35519909288478874,-0.2801128011003413,185.43200000000004,-0.6891572349881065,-0.840686780183514,-1.0228169757586734,-0.49789306786945803,-0.6170107827129465,2.805e-05
519.9110000000005,498.7430000000005,3.253400000000002,98.99000000000001,7,2,6,0.2905801960904348,-0.3231252393350642,384.1040000000001,0.5482224564478828,-0.44778224448058224,1.507377581429808,-0.028026023607458816,-0.05177377298605462,3.700e-09
308.77200000000016,295.66800000000006,3.5801200000000026,43.07,1,0,4,0.15887442374152158,-0.2809619790225386,239.38400000000004,0.7332009185341442,-1.7961765116229773,-0.12198550550031517,-0.07600369814632638,-0.4354900851089033,2.460e-06
460.3050000000003,446.1930000000003,2.2818999999999994,101.52,8,1,7,0.1540495776444224,-0.5464326892749398,320.5280000000001,2.408192259961449,1.0323609981298358,-0.10237432061909191,-0.23350857946008288,-0.27934979723805764,4.700e-07
383.42400000000015,360.2400000000002,-0.9553999999999967,123.47000000000001,3,5,5,0.2517747185302226,-0.3871926388557458,295.9120000000001,0.16249968743643128,0.7226801981234489,0.1630451069251091,-0.14183054494351865,-0.749323916989966,6.330e-08
453.99900000000025,429.80700000000036,5.683660000000005,72.82,8,1,7,0.31930419917913505,-0.46336507248133213,349.19200000000006,0.709078957834711,-0.9020543885495784,-0.06328873294920156,-0.24250328983708924,0.2433668478037007,8.200e-12
472.5670000000003,444.34300000000036,0.6782200000000009,123.07,5,3,7,0.24575545489422107,-0.39118539002687436,360.09600000000006,0.15119930920934777,0.2523253608774628,1.9673432134571167,2.233843317874374,1.956182160271847,1.100e-06
402.8540000000002,381.6860000000002,1.8874999999999997,95.33999999999999,2,4,5,0.1965913936066256,-0.5073731770211586,301.1360000000001,-0.4408349970346108,-1.0755157622172908,-0.4973622120743453,0.08107476530717955,-0.5782950872323789,1.240e-06
276.244,261.12399999999997,-4.214199999999996,133.3,2,5,6,0.4149274746233285,-0.39356670417035095,199.51200000000006,-2.269748679482313,0.7149177181319429,0.8299879828719943,-0.4126434986737703,-1.8122347823561578,4.010e-03
373.36200000000014,350.1780000000001,-5.967399999999998,206.23,12,3,8,0.27832793258932653,-0.5501673201883103,288.66400000000004,0.36473812693093954,2.457577018606163,-0.9690258992627641,0.7906649588289592,0.774985295001807,5.000e-05
305.3060000000001,288.17,-0.845499999999999,110.05000000000001,5,3,6,0.12517587956030707,-0.5466426104872584,238.94400000000005,0.20871362608016097,1.062126140657861,-0.6791426016364458,0.3519727223459826,-0.46775495084504204,1.400e-07
423.9040000000003,401.7280000000003,3.6560200000000025,81.4,5,1,6,0.22212121645897015,-0.49674176885577,330.0320000000001,0.6487055394138532,-0.49370849448010945,0.6069720563531835,-0.744063880070498,1.3211327088666693,5.520e-08
312.397,290.221,1.1199399999999993,70.65,2,2,4,0.15773364373203022,-0.4967313328999181,248.39200000000005,-0.3223344235677372,-1.845536107045703,-0.11658904553090443,-0.33445917142098475,1.215704463729837,1.100e-08
267.28499999999997,250.14899999999997,-0.7666799999999998,95.67,3,2,5,0.24215553612608556,-0.3911853878726141,208.66400000000004,-0.6956300520236502,0.1450826557081502,0.9198755378782655,0.8964752635106454,1.291266832964727,2.400e-04
282.7300000000001,271.642,3.258600000000002,38.050000000000004,1,1,3,0.19665811547078255,-0.3627532715590817,220.44800000000006,0.01757356595024384,-1.2993210981765642,-0.17820426104398157,-0.3803360933398938,-0.6569687374648743,3.180e-07
456.6780000000001,416.3580000000003,6.170240000000009,59.800000000000004,11,2,2,0.2142744434949224,-0.39784915042863905,388.31200000000007,-0.012698154432341124,-0.8092102008724255,-0.8822954014182851,-0.30988514641706105,-0.6474835446979905,7.000e-08
563.6560000000003,532.4080000000005,1.2652000000000017,184.51000000000002,15,4,7,0.24274089208566693,-0.5501702275373344,438.0880000000001,2.109976540976279,1.596170421293825,-0.09992236956602141,0.7252822394834626,-0.7107759767545413,6.700e-08
185.159,176.087,-3.191679999999998,112.08000000000001,3,1,4,0.12874254327459927,-0.5574219163376225,141.60000000000002,-0.3288588861137164,1.6661627677636175,-1.0775024595985319,-0.0343029774863981,0.5087260962072558,1.280e-05
121.16300000000001,112.091,-0.849,51.61,1,2,0,0.2701711739157781,-0.2870402722363663,101.65600000000002,0.47455181050212936,-0.2682858744712112,-0.8442722879576939,-0.0540990009722212,-1.3447274249640897,9.700e-05
326.40300000000013,308.25900000000007,4.424800000000004,41.910000000000004,3,0,4,0.15087677613332662,-0.36123858825910815,269.0640000000001,0.663956700604565,-1.547494572967691,-0.4419224369461684,-0.7225478074376628,-0.5060014404850673,1.140e-07
236.247,222.13499999999996,-0.8440999999999996,77.50999999999999,2,0,4,0.23349364112159163,-0.5478853604658096,180.16000000000005,-0.8621258034415238,0.8343839999182331,-0.7767392670458274,1.0108423811407714,0.6743280518237864,1.300e-03
283.1140000000001,275.05,2.934,61.96,2,2,2,0.25819854233039186,-0.32897523425415465,205.38400000000004,0.9220240261673216,-0.6107106622109228,-0.06905379560838032,-0.8959675009547241,-0.5392493860240395,6.000e-08
307.2810000000001,296.19300000000004,1.4446,75.66,2,0,5,0.2308365453866994,-0.5446433040154229,236.07200000000006,0.4302592367517992,0.5198307466920005,-1.2931310819453223,-0.34669730793856496,-0.5856979813724631,1.435e-03
175.19099999999995,166.11899999999997,0.8137199999999998,71.77000000000001,0,2,3,0.2596576038682975,-0.36929686924708566,140.00000000000003,-0.2741178326249092,-1.5408374903271098,-0.4307970019937776,-0.5175988798664323,-0.9138277253712812,7.000e-06
193.17799999999997,184.10599999999997,-0.39298999999999995,72.42,3,0,4,0.12964817465705836,-0.8170794957403785,155.17600000000004,0.42203954803586363,0.5056726723324003,-1.1335916684609344,-0.7542730390314603,0.3504027077276677,1.700e-03
332.4310000000001,310.25500000000005,2.332600000000001,50.94,3,2,3,0.13899208147837666,-0.3460900131886532,266.36000000000007,0.0171147724956916,-1.7773363949977625,1.254089101084679,1.8894262106537825,-0.7802358017452593,4.400e-09
552.0220000000003,527.8300000000005,2.288400000000002,158.55,8,5,6,0.29788740130530456,-0.3462246325408618,425.2240000000001,2.3904649244242875,-0.46959368587315614,1.3792008224448653,0.7724615541248161,-1.8576550457340262,5.000e-09
278.31200000000007,260.168,0.19299999999999962,78.89,5,0,7,0.3319688564518087,-0.3278633112499939,222.05600000000004,-0.7594239394905845,0.29708440742165343,0.11278872599636336,-0.254461084453861,0.6415290478470044,6.000e-04
173.14399999999998,164.07199999999997,-2.8508999999999984,100.82000000000001,1,3,5,0.12460816535798759,-0.546643004251711,131.72800000000004,-1.0006197024140895,0.9056072828547922,-1.313841318082592,0.2513454149300031,0.22800768180961753,2.000e-04
372.44800000000026,350.2720000000001,1.7825000000000015,67.16,4,2,2,0.3516739292944549,-0.49674547655138007,302.65600000000006,0.884027809502737,-0.7087607832991139,-0.8095227123297564,-0.5063834146725387,-0.7726327932185005,1.900e-07
226.30399999999995,216.22399999999996,3.5455000000000014,38.91,1,1,3,0.1235513388514217,-0.3836804075314162,176.08000000000004,-0.0013119709508291333,-1.3791842316791993,-0.456852827295421,-0.5615684427627202,-0.34778356192918397,3.880e-05
441.4600000000004,420.2920000000003,1.4125,127.50999999999999,6,2,8,0.22435095989363701,-0.4958707662288616,324.8960000000001,0.03909064437816445,-0.7527770863093738,0.9389545846647287,-0.21993213996689376,1.5867101488199133,3.000e-09
227.30699999999996,210.17099999999994,3.339400000000002,32.86,1,1,1,0.25530320352608904,-0.3285841295393464,193.23200000000006,0.1885924628305513,-1.134383907668322,-0.6464163472575504,-0.5564659761727617,-0.6424656272709474,5.800e-06
474.3480000000001,457.21200000000016,0.8267000000000002,180.21,6,5,10,0.43436475858104867,-0.5040703928416624,337.0640000000001,-1.3636274553913572,1.7735832347886586,2.9933699975076378,-2.411119312092357,0.2781540874783833,4.645e-06
322.16600000000005,311.078,-2.9286999999999983,170.98,4,3,10,0.5959351496971897,-0.583324159045514,224.60800000000006,-2.263114452604787,1.1036575700624072,1.3195217905566252,-0.3466456528480595,-1.716230285743991,6.000e-06
305.35400000000004,284.18600000000004,-0.6103999999999994,99.99000000000001,4,4,5,0.28654348940630414,-0.39186263693191103,238.74400000000006,-0.4837337996402076,0.35207180766765245,0.00046842789739098833,0.6243840700727037,-2.0320686649038855,9.600e-09
285.367,264.19899999999996,1.1646000000000012,65.97,6,2,2,0.27775660366477395,-0.48891706730371653,238.58400000000006,1.6624306395541644,1.1265397950994167,0.1650920287013269,0.7293018474263535,-0.39298732821937277,2.200e-05
175.184,169.13599999999997,0.4731000000000001,60.16,1,1,2,0.2404632518982642,-0.22453507124454603,122.88000000000002,0.1941883888537448,-0.5449619871953746,-0.7994620054286613,-0.5968471778477049,-0.7964383820676507,3.140e-07
348.4630000000001,318.22300000000007,0.06910000000000216,82.2,3,4,4,0.1682940429463751,-0.3868158514027376,281.77600000000007,-0.7240849725983219,0.0631805063412691,-0.13333716308681165,0.5963571497907039,0.5286653501426332,2.700e-09
306.3690000000001,288.225,3.4208000000000016,59.290000000000006,5,1,5,0.15932150539095105,-0.3683563170633555,245.72000000000006,0.6314471655167047,-0.6752226750147496,1.2050873200433607,0.4347951907554157,0.6462411697504987,2.500e-08
472.61100000000033,440.35500000000036,2.2473199999999993,111.63,6,3,6,0.24596654266030557,-0.3911853777197259,372.7680000000001,0.26834433773795685,0.5677546775933706,2.211709290967975,2.498008013598039,2.185453533668871,1.850e-07
613.711,581.4550000000003,6.683620000000006,108.83,5,2,7,0.2773135603596728,-0.5056909288353236,472.8400000000001,0.965442397406026,-0.38274608385150155,1.1127102082924305,0.1658071038114704,-0.4018856967775991,7.900e-10
265.222,250.10199999999998,-2.8908999999999967,151.92000000000002,3,5,8,0.3401283557771191,-0.3935665226579414,190.64800000000005,-1.6535991331161948,1.3164780088925752,0.09554012033180803,-0.0804678529712585,-0.18241176550866472,1.400e-05
208.26099999999997,192.13299999999995,1.4477200000000001,61.96,3,2,2,0.2672538822768463,-0.3538347351477904,173.63200000000003,-0.2840435073705627,0.4503067113418159,-0.4829610479355444,-0.23390244531522394,0.30318536154660247,1.600e-05
441.36200000000025,423.2180000000003,3.3405000000000022,130.8,7,3,6,0.42257522740603204,-0.4900326642565557,322.0800000000001,0.95348038932548,0.7762977419257738,0.4408047159474058,-1.5850303220717534,1.959272115373527,4.000e-09
292.219,279.115,-3.351899999999997,145.01000000000002,2,5,8,0.3302155549961697,-0.39356686632604915,205.51200000000006,-2.7237040714695193,0.8836424968424305,0.9721216731528786,-0.5627786700885575,-1.8401411671609436,7.900e-06
337.4270000000001,314.24300000000005,4.000980000000003,90.51999999999998,4,2,5,0.1389922309592427,-0.38546702104259306,272.2320000000001,-0.520432869531434,-1.9287645910441453,1.3214307670072782,2.2261703855822725,1.2270712396437229,3.000e-10
206.37799999999993,176.13799999999998,-3.8425999999999956,88.5,11,4,0,0.08092374321725947,-0.3573715295271965,172.20000000000005,-1.0149784369433252,0.019422138610912576,-1.416204669647778,-0.0743804058823328,-0.049385186889369936,8.400e-05
207.321,186.15299999999996,-1.2367999999999968,35.32,2,2,1,0.09975258583143275,-0.3602238292734505,172.36800000000005,0.2609839046090465,-0.9020514360654975,-0.4659753870606038,0.3702444932833476,0.020102434829468163,2.710e-04
238.30700000000002,218.14699999999996,-0.6250999999999989,54.129999999999995,2,3,3,0.14223950986030323,-0.4967681521953972,192.12800000000004,-0.8810758102536983,-0.2722289948929736,-0.8252642708064049,-0.5023850136740663,0.4155577433987496,5.400e-06
317.59900000000016,306.5110000000001,4.5999000000000025,40.46,2,2,2,0.20085905886111602,-0.507966639009507,228.14400000000006,-0.36471027165788394,-0.33750534996221637,-0.9385832294521006,-0.27059613112064734,-0.2573658806343925,2.019e-05
131.175,118.07099999999998,-1.607099999999999,67.77,3,1,2,0.12471416546079106,-0.5438971826854045,109.87200000000003,-0.3773193536397804,1.8163396971500805,-1.3435335680855096,0.3964323184630439,0.5808604145801551,2.000e-08
320.3960000000001,300.236,0.29840000000000017,108.35000000000001,4,4,1,0.2701940387669083,-0.353808308592794,260.87200000000007,1.4644358327624185,0.5242792092167785,0.3804271851946357,-0.8818448527156817,0.03701566431044909,4.000e-08
507.55000000000024,482.35000000000036,3.0216000000000003,150.2,7,5,6,0.25162201775995036,-0.5070415312629157,398.9920000000001,2.3466445884590077,0.18971586746308505,1.1337648375897607,0.43865819241002896,-2.2827416826773432,6.000e-08
389.3130000000003,377.2170000000002,3.225900000000001,99.2,6,2,7,0.5726706637910329,-0.5448150979164449,287.5280000000001,1.4720550070205611,0.15106051706627288,0.3392385131736868,-1.742264376272574,0.5207040389593331,4.000e-08
