GLY,ALA,VAL,ILE,LEU,MET,PHE,CYS,ASP,GLU,HIS,LYS,ASN,PRO,GLN,ARG,SER,THR,TRP,TYR,NumOfH2O,NumOfChains,NumOfCations,IsoelectricPt,RedExtinctionCoeff,OxExtinctionCoeff,AvgHydrophobicity,Aromaticity,InstabilityIdx,ConvexHullSurfArea,ConvexHullVol,DissociationCoeff
6,4,3,5,15,0,3,0,2,4,1,6,2,3,2,3,1,1,1,4,10,2,0,9.630883598327635,11460,11460,0.3903225806451615,0.12903225806451613,17.54193548387097,2773.661805668854,12404.933113477759,2.990e-07
11,3,6,0,1,1,3,0,4,3,0,3,2,0,1,2,4,1,6,4,52,2,0,4.184168434143066,24980,24980,-0.3261904761904762,0.19047619047619047,39.67166666666666,2753.2189515606565,12313.028650370012,2.300e-06
11,4,2,8,9,0,7,0,11,1,0,0,1,1,3,0,13,6,2,3,56,2,0,4.0500284194946286,9970,9970,0.2594594594594594,0.10810810810810811,40.78243243243242,3029.2673848408344,14244.47990433537,1.500e-06
3,1,0,1,1,0,1,0,1,1,5,3,1,4,0,1,0,1,2,1,20,2,0,8.460073280334473,12490,12490,-1.3400000000000005,0.16,31.692000000000004,1457.5569684712261,4535.148932418784,5.000e-03
4,7,10,5,14,7,9,2,3,5,3,2,1,3,5,6,7,1,2,2,22,2,0,6.095322608947753,13980,14105,0.6233333333333331,0.12222222222222223,35.771111111111104,3402.888575451309,17185.744547563212,3.000e-10
4,7,9,12,9,2,5,2,4,3,1,2,1,1,2,6,6,3,0,5,12,2,0,6.753859138488769,7450,7575,0.6093333333333334,0.10666666666666666,51.25333333333334,3099.2716650725506,14973.249508523899,1.750e-05
4,7,2,4,3,2,0,1,5,2,0,2,8,3,2,4,6,11,0,4,41,2,0,4.98849697113037,4470,4470,-0.8134328358208954,0.04477611940298507,17.168656716417907,2672.8910601312577,11760.93036791793,3.000e-06
11,3,4,3,3,0,2,5,3,0,2,3,1,1,2,0,6,1,1,5,23,2,0,7.827509498596193,8480,8730,-0.05217391304347835,0.10869565217391304,15.256521739130433,2341.060379317053,9128.048706514981,5.320e-03
6,4,6,3,9,0,4,1,3,7,1,4,3,1,2,1,2,1,0,3,36,2,0,4.443183708190918,4470,4470,0.24000000000000007,0.12727272727272726,6.402,2499.421949387683,10906.308077852627,7.200e-06
3,8,13,6,14,8,9,2,3,4,3,2,2,3,6,6,7,1,2,2,19,2,0,6.890784263610841,13980,14105,0.7294736842105259,0.11578947368421053,29.010526315789473,3531.066529900378,18092.78275985003,5.400e-10
12,7,5,6,6,2,1,6,4,2,4,4,0,3,5,4,2,7,2,5,46,2,0,8.717237663269042,15470,15720,-0.06710526315789474,0.07894736842105263,9.268552631578949,3493.7408032482717,17577.934141190155,1.900e-09
5,6,4,9,3,1,1,0,3,3,4,3,1,2,1,4,2,1,5,3,11,3,0,9.39486484527588,19480,19480,0.11666666666666661,0.1111111111111111,44.39259259259259,2534.508695950527,10855.43497367273,8.500e-03
1,8,5,2,7,2,2,1,1,1,3,2,2,5,0,6,5,2,3,4,26,2,0,10.413787651062012,20970,20970,0.09999999999999998,0.13793103448275862,49.04827586206896,2766.3955638423836,12232.463727228536,7.000e-09
7,4,5,9,7,2,3,0,4,2,2,5,5,0,0,3,4,7,1,3,51,3,0,9.306349754333493,2980,2980,0.2909090909090909,0.06060606060606061,16.278939393939396,2927.372742015922,13647.207370133006,7.900e-04
14,5,6,2,1,1,3,0,5,3,1,3,2,1,1,2,3,4,6,6,69,2,0,4.27943058013916,27960,27960,-0.2864406779661018,0.1694915254237288,26.43237288135593,3195.3109446696376,15270.123174703238,4.000e-07
4,7,2,4,3,2,0,1,5,2,0,2,8,3,2,4,6,10,0,4,48,2,0,4.98849697113037,4470,4470,-0.8134328358208954,0.04477611940298507,17.168656716417907,2692.606395417485,11748.257739233642,7.600e-05
6,3,6,3,12,1,3,2,3,6,2,8,1,2,1,2,3,0,0,2,16,2,0,8.834118843078613,2980,2980,0.09672131147540979,0.0819672131147541,2.6081967213114745,2655.3413923431062,11566.805191450852,1.000e-10
0,5,4,4,12,2,2,2,1,6,0,6,3,1,3,1,2,0,1,1,5,2,0,6.37656192779541,6990,7115,0.31346153846153846,0.07692307692307693,42.48076923076923,2515.313477263665,10661.29645454076,9.260e-05
2,6,5,3,5,3,3,4,5,3,4,3,3,2,2,0,2,6,3,5,32,2,2,4.319331550598145,12950,13075,0.21803278688524586,0.14754098360655737,25.84114754098361,2774.608366691342,12675.79218645642,2.200e-06
9,9,6,11,8,3,6,0,4,3,2,6,4,0,2,3,7,10,1,3,40,2,0,9.09843921661377,9970,9970,0.3189473684210528,0.10526315789473684,27.854842105263156,3387.0106223331127,16856.78858369897,3.500e-10
12,4,5,5,1,1,5,5,4,4,3,4,0,1,4,3,5,5,1,5,23,2,0,6.2891435623168945,12950,13200,-0.4534246575342465,0.1506849315068493,36.64657534246573,2862.0534228882943,12985.019754587162,1.900e-10
12,5,3,5,3,0,0,5,4,2,2,3,0,1,1,3,2,3,1,4,35,2,0,7.823125648498536,9970,10220,-0.2660377358490567,0.07547169811320754,10.375471698113207,2389.002719256397,9844.886165351383,8.000e-05
12,4,4,3,5,1,3,5,7,4,1,3,3,2,0,5,3,4,3,5,32,2,1,4.868225669860839,23950,24200,-0.6095890410958901,0.136986301369863,20.401506849315066,3133.5958644927127,14687.704868649282,1.200e-11
0,3,5,3,1,2,3,3,2,1,3,4,2,1,1,3,1,3,0,1,42,2,0,9.30654315948486,0,125,-0.15999999999999992,0.08571428571428572,42.91142857142856,2205.956944323539,8704.98752508499,1.720e-04
6,1,4,6,11,2,5,0,2,3,0,6,2,2,1,1,9,4,0,5,37,3,0,8.269182395935061,4470,4470,0.32711864406779656,0.11864406779661017,30.496610169491507,2764.4162677793165,12592.118349337285,1.200e-03
12,4,5,6,1,1,3,5,4,4,3,3,0,1,3,3,5,5,1,4,27,2,0,6.286244773864747,11460,11710,-0.27611940298507476,0.11940298507462685,23.807462686567153,2801.4518245451695,12398.565394260131,7.000e-12
1,3,3,4,4,4,3,1,5,1,0,2,3,4,3,0,0,2,1,4,34,2,0,4.063215065002441,11460,11460,0.038297872340425525,0.1702127659574468,22.100000000000005,2184.677638051542,8691.068835434153,1.640e-07
10,4,7,8,7,5,4,1,3,5,0,5,2,2,1,2,5,5,2,5,39,2,0,4.8139444351196286,12950,12950,0.31973684210526326,0.11842105263157894,24.506578947368425,3007.351159362723,14373.147334538806,1.500e-06
5,3,3,2,1,2,4,1,1,4,4,3,3,0,1,4,3,4,7,6,19,2,0,8.153461647033694,37470,37470,-0.6218181818181817,0.23636363636363636,16.629090909090912,2874.45591703393,12827.613432488226,7.550e-07
14,7,8,8,11,2,6,1,6,4,0,5,4,4,4,4,10,6,3,7,48,2,0,5.313274955749511,26930,26930,-0.02830188679245284,0.14150943396226418,19.850943396226416,4063.174969400183,22292.195641406124,1.800e-09
3,3,6,3,9,0,5,1,1,4,7,1,3,3,3,2,3,3,6,2,21,2,1,6.372355842590332,27500,27500,0.046774193548387216,0.14516129032258063,22.91451612903225,2809.448212198594,12920.994691633243,1.000e-09
7,6,6,5,8,5,1,2,7,4,1,3,4,4,1,1,3,3,2,5,27,3,1,4.1420507431030265,18450,18575,-0.040540540540540584,0.10810810810810811,8.24594594594595,3012.6711727022075,13052.354450372475,3.400e-08
12,14,8,8,6,2,4,0,6,5,2,2,2,1,3,2,6,3,0,1,19,3,0,4.330983543395997,1490,1490,0.3166666666666667,0.05952380952380952,17.71904761904762,2831.9178636765137,12955.688258135544,7.500e-07
10,6,6,5,11,0,1,1,2,5,6,0,4,1,1,7,5,3,0,4,25,4,0,7.098587608337403,4470,4470,-0.1507246376811593,0.057971014492753624,52.72463768115941,2754.796980949452,12683.176940647754,1.500e-05
5,3,3,5,15,9,3,0,3,6,3,3,2,3,1,3,5,1,2,2,6,2,0,5.408252906799316,13980,13980,0.36944444444444435,0.08333333333333333,41.55138888888889,2944.4236506382344,13633.003994345388,1.100e-08
9,5,5,5,3,0,1,5,4,0,2,2,0,1,2,1,4,4,2,5,30,2,0,6.87390308380127,8480,8730,0.21428571428571427,0.08163265306122448,24.1938775510204,2526.539906609685,10814.819978411466,2.680e-03
13,4,8,10,17,2,2,0,6,2,0,3,4,6,1,4,0,8,0,0,46,3,0,5.0368669509887685,0,0,0.5702380952380953,0.023809523809523808,36.01071428571428,3110.202296734798,14921.008766388892,1.500e-12
6,3,6,3,7,2,3,2,2,4,2,3,1,0,3,1,3,1,0,2,20,2,0,5.494079780578613,2980,3105,0.38301886792452833,0.09433962264150944,20.000000000000007,2286.700010818172,9427.140316178138,3.500e-07
6,4,5,4,6,1,3,3,3,2,1,0,4,4,3,3,6,4,3,7,42,2,0,5.379890251159668,26930,27055,-0.016666666666666722,0.19696969696969696,32.86060606060606,2716.1585371345946,12197.67929592201,7.800e-05
11,4,4,4,6,1,3,5,7,4,1,3,3,2,0,6,2,4,3,5,40,2,1,5.176690864562987,23950,24200,-0.4706666666666665,0.13333333333333333,14.169466666666668,3225.6443644821825,15214.036519905754,4.000e-09
7,3,7,3,11,5,5,0,6,5,3,6,4,1,3,3,2,6,0,5,19,3,0,6.078555107116698,4470,4470,-0.0789473684210527,0.10526315789473684,21.56710526315789,3140.258829852378,15158.328568823345,4.800e-08
8,7,6,2,5,0,1,0,3,3,0,4,4,3,1,3,7,3,0,5,34,2,0,9.169547843933106,5960,5960,-0.13770491803278692,0.0819672131147541,18.380327868852465,2591.852910948341,11344.05248573666,7.500e-03
7,2,2,3,3,1,2,0,10,2,5,1,2,4,2,6,2,2,3,8,42,2,1,4.941150093078612,9970,9970,-1.2500000000000004,0.1111111111111111,20.416666666666664,2869.8959650978272,13191.967685404803,5.200e-03
2,8,1,1,1,3,4,1,0,1,4,0,2,4,0,5,1,1,0,1,25,2,0,11.419623374938965,1490,1490,-0.3657142857142857,0.14285714285714285,30.49142857142857,1928.6396301091634,7142.346851411623,1.190e-04
6,5,5,5,19,10,4,2,3,6,3,5,2,3,1,3,6,1,2,2,33,2,0,5.849778175354003,13980,14105,0.5363636363636363,0.07954545454545454,32.1715909090909,3259.863405147141,16294.896538644243,5.000e-11
3,3,7,5,4,2,4,2,4,3,1,1,0,4,7,2,8,2,1,7,47,3,0,4.29062786102295,15930,16055,0.17656250000000007,0.1875,50.68906249999999,2797.7010806233034,12740.450695660524,3.800e-08
7,3,6,2,9,5,5,0,5,5,2,4,3,1,2,3,2,5,0,4,13,3,0,5.501070976257323,2980,2980,-0.07761194029850746,0.08955223880597014,23.81343283582089,2731.2729103568045,12458.610602412502,3.000e-06
12,3,7,2,9,8,4,2,4,2,1,1,1,3,4,2,6,4,1,4,32,2,0,4.100842475891112,5960,6085,0.5128571428571429,0.11428571428571428,52.041428571428554,2954.3372470253207,13922.19172762569,5.500e-08
7,2,4,2,5,3,3,2,3,1,1,2,2,2,3,7,4,3,1,2,10,2,0,9.38454990386963,6990,7115,-0.19074074074074068,0.07407407407407407,15.177777777777779,2443.134263369931,10129.84005993502,1.600e-04
3,7,6,3,5,4,4,4,5,4,5,2,5,3,2,0,3,6,3,6,19,2,2,4.229696464538574,14440,14565,0.11780821917808221,0.1506849315068493,37.06726027397259,3019.8178332819875,14330.97005585883,1.000e-09
8,3,10,3,9,5,5,3,3,5,3,3,1,0,3,2,3,3,0,2,33,2,0,5.489077949523924,2980,3105,0.5029850746268656,0.08955223880597014,15.158208955223882,2946.467920893818,13666.453602951737,1.600e-08
6,7,3,3,5,1,6,0,4,2,6,3,1,2,0,0,2,3,2,2,32,2,2,6.626482963562012,2980,2980,0.06399999999999992,0.14,20.972,2464.401590235106,10289.814242501001,7.880e-09
10,5,6,7,5,1,2,0,6,6,3,0,6,1,2,1,6,5,1,6,23,2,2,4.0987962722778315,12950,12950,-0.07361111111111114,0.11111111111111112,27.604166666666664,3050.6482119113257,14160.897311656638,6.800e-11
10,5,4,5,4,3,6,1,1,3,3,1,2,2,2,2,5,1,0,6,33,2,0,5.357495689392089,7450,7450,0.28727272727272724,0.2,25.701818181818187,2758.8632705905584,12361.346340576943,3.900e-08
10,4,10,8,9,5,4,1,3,5,0,4,2,2,1,3,5,7,3,6,23,2,0,4.811670875549316,12950,12950,0.41463414634146356,0.1097560975609756,20.10731707317073,3079.018618082162,14896.44876018802,5.000e-10
3,3,4,5,5,1,3,2,4,3,1,1,0,4,6,2,8,5,2,6,36,3,0,4.139265632629394,19940,20065,-0.08461538461538465,0.16923076923076924,53.77538461538461,2794.417399799521,12552.782428687593,4.790e-07
7,4,5,11,8,2,2,0,4,3,2,4,5,0,0,2,4,7,1,3,32,2,0,6.033538627624511,9970,9970,0.3411764705882354,0.07352941176470588,20.373676470588233,2839.0688765078303,12970.537495064118,6.900e-06
2,3,3,4,4,4,3,1,5,1,0,2,3,4,3,0,0,2,1,4,36,2,0,4.063215065002441,11460,11460,0.029166666666666657,0.16666666666666666,20.079166666666673,2249.188088956699,9097.972907042564,5.500e-07
2,7,7,3,1,2,3,5,2,4,3,4,5,2,2,4,1,5,0,3,10,2,0,8.410432624816899,2980,3230,-0.3049180327868853,0.0819672131147541,39.55409836065573,2758.0689774468315,11879.902480806864,1.600e-08
7,6,5,4,8,5,1,1,7,4,1,3,4,4,1,1,3,3,2,6,31,2,1,4.142107582092284,19940,19940,-0.12702702702702715,0.12162162162162163,9.990540540540538,2845.3752640690573,12401.62448690602,1.000e-09
2,2,7,8,10,4,6,1,1,7,3,4,0,2,6,4,3,1,0,2,21,2,0,7.1073408126831055,2980,2980,0.1333333333333333,0.12698412698412698,49.12380952380951,3017.748428170711,14420.499134292719,4.170e-05
4,5,8,5,13,1,4,0,4,5,2,9,2,1,2,2,0,3,0,2,30,2,0,9.574022483825683,2980,2980,0.35625000000000007,0.09375,4.143749999999999,3052.889082304811,14128.68781110866,1.490e-07
12,3,7,5,7,2,10,1,4,7,2,0,6,4,4,1,14,1,6,7,55,2,0,4.0500284194946286,32430,32430,-0.12043010752688162,0.20430107526881722,42.672150537634394,3652.521601686765,19024.710311885312,4.500e-09
5,6,6,13,14,4,10,1,3,8,2,3,1,2,4,3,4,4,0,4,8,2,0,4.950642204284667,4470,4470,0.516867469879518,0.13253012048192772,26.19759036144578,3498.210377150832,17977.856656671367,1.000e-09
1,7,7,5,14,3,2,3,4,6,0,7,3,3,4,1,2,2,2,4,7,2,0,4.926030921936035,15470,15595,0.3769230769230769,0.08974358974358973,35.81666666666665,3151.086700409985,14945.977265058405,1.290e-06
9,7,4,4,4,0,0,5,5,0,2,3,0,1,1,1,3,4,2,5,59,2,0,6.874698829650879,8480,8730,0.16122448979591847,0.061224489795918366,1.6326530612244887,2518.901553213139,10677.382012099102,1.700e-06
7,1,7,6,12,0,4,0,7,4,2,3,1,4,1,2,4,0,0,1,16,2,0,4.4118654251098635,1490,1490,0.4952380952380952,0.07936507936507936,34.873015873015866,2563.1740549246765,11142.703499975996,5.500e-07
6,7,3,3,5,1,6,0,4,2,7,2,1,2,0,0,2,3,2,2,22,2,3,6.273797035217284,2980,2980,0.14489795918367346,0.14285714285714285,27.17959183673469,2443.6734025276633,10138.907844043235,1.400e-06
6,3,6,9,9,7,9,1,3,6,2,4,1,0,3,3,5,2,0,3,6,2,0,5.191582679748534,2980,2980,0.4810810810810809,0.13513513513513514,22.15810810810811,3221.682384055187,15499.99847093205,2.360e-07
8,5,5,11,8,2,4,0,5,3,2,5,5,0,1,3,6,8,1,3,47,2,0,8.315470695495605,8480,8480,0.17124999999999996,0.07500000000000001,15.583875,3171.1188506694275,15235.191493944942,6.800e-07
9,7,5,2,5,0,1,0,3,3,1,5,4,5,1,3,7,3,0,7,54,2,0,9.06472225189209,7450,7450,-0.4194029850746269,0.08955223880597014,23.98805970149254,2891.6527738224913,13137.51668704007,8.000e-06
4,4,7,4,12,1,4,0,5,4,2,9,2,1,2,1,0,3,0,2,8,2,0,8.175896644592285,2980,2980,0.3548387096774195,0.0967741935483871,-8.448387096774196,2875.344757362985,13082.904301349867,5.000e-07
9,11,5,9,8,4,8,0,1,4,0,0,4,3,3,1,3,5,0,4,3,2,2,4.252716255187988,4470,4470,1.0579710144927532,0.14492753623188406,27.34782608695652,2774.2865179417277,12829.392657364962,6.900e-08
11,3,4,2,3,0,3,5,4,3,1,3,1,0,0,1,2,2,2,4,22,2,0,4.582041358947754,9970,10220,-0.11333333333333341,0.13333333333333333,19.89577777777778,2282.973747061772,9152.599751796957,5.300e-04
4,3,6,4,9,0,5,1,2,4,6,1,3,3,4,2,3,3,6,2,34,2,1,6.628813362121583,22000,22000,0.10819672131147534,0.13114754098360656,29.913114754098352,2797.6727476061924,12759.811315212906,1.600e-08
2,8,4,2,4,1,2,1,1,4,1,4,0,0,3,1,1,5,2,1,29,3,0,8.136893272399902,12490,12490,0.020000000000000066,0.1,19.7025,2225.0824321517916,8690.576707822956,2.140e-04
0,3,5,3,1,2,3,3,2,1,3,4,2,1,2,3,1,3,0,1,44,2,0,9.4194917678833,0,125,-0.20540540540540533,0.08108108108108109,39.0945945945946,2301.0690710656727,9358.113599774142,4.000e-03
9,6,4,6,6,0,1,5,8,1,3,3,0,1,2,2,5,6,2,8,11,2,0,4.877888298034668,14440,14690,-0.14999999999999994,0.12121212121212122,8.665151515151518,3269.959310091043,15467.280717242322,6.200e-10
8,5,7,3,12,2,3,2,3,6,2,3,2,0,2,2,0,3,0,4,28,2,1,4.639448738098144,5960,6085,0.45606060606060617,0.09090909090909091,26.428787878787876,2790.474128655388,12622.318111878065,5.000e-09
2,7,7,6,15,3,2,3,4,8,0,8,3,3,5,2,3,4,2,4,7,2,0,5.329474067687988,15470,15595,0.22386363636363635,0.07954545454545454,38.956818181818164,3346.1886657001414,16452.678178877246,1.200e-07
2,8,1,1,1,3,4,1,0,1,5,0,3,4,0,5,1,1,0,1,15,2,0,11.419623374938965,1490,1490,-0.5589743589743589,0.1282051282051282,35.320512820512825,1950.420077977033,7243.516402881232,1.090e-03
5,10,3,3,5,4,5,1,0,1,5,0,3,5,0,5,2,3,0,1,19,2,0,11.419623374938965,1490,1490,0.10000000000000007,0.09259259259259259,15.9962962962963,2454.240997305684,10446.010478829907,1.500e-06
6,3,6,3,11,1,3,2,3,6,2,8,1,3,1,2,3,1,0,2,26,2,0,8.083642387390139,2980,2980,0.0883333333333333,0.08333333333333334,5.3149999999999995,2695.279926522398,11957.326720942312,1.900e-09
6,2,2,2,2,1,2,0,10,2,4,1,1,3,2,4,2,2,3,8,39,2,1,4.669857597351075,9970,9970,-1.2250000000000003,0.125,26.049999999999997,2508.2577618663554,10797.829904415017,2.650e-04
6,5,13,2,15,4,6,0,3,4,3,2,3,4,3,6,3,4,0,3,33,2,0,9.398604011535646,4470,4470,0.5963414634146341,0.0975609756097561,28.239146341463414,3243.58113107134,15939.111232570167,2.700e-06
2,3,8,5,7,5,5,4,2,6,2,5,1,1,1,2,3,1,2,2,25,2,0,5.529660987854004,8480,8730,0.6396825396825396,0.12698412698412698,50.57142857142855,2781.6742940994927,12441.145929535,6.400e-06
5,2,7,6,2,3,4,1,5,3,3,1,4,4,1,2,4,3,4,5,18,2,0,4.444832038879395,27960,27960,-0.2491803278688525,0.19672131147540983,16.747704918032785,2604.744896965703,11407.680274454924,8.900e-05
7,6,6,5,8,5,1,2,7,4,1,3,4,4,1,1,3,3,2,5,24,3,1,4.1420507431030265,18450,18575,-0.040540540540540584,0.10810810810810811,8.24594594594595,3026.5667870497587,13147.701209863684,7.490e-05
9,5,5,6,7,4,5,0,2,5,0,3,2,2,0,4,5,7,2,6,31,2,0,6.368547630310059,12950,12950,0.0805555555555556,0.1388888888888889,26.75694444444444,2998.0627475391475,13844.757124276312,4.000e-09
4,8,8,14,10,2,5,2,4,3,1,3,2,0,1,6,6,4,1,6,5,2,1,7.9895830154418945,12950,13075,0.67875,0.11249999999999999,43.50875,3377.1228027899533,17068.319624124484,3.600e-07
12,5,8,3,11,9,4,2,4,2,1,2,1,3,4,3,7,6,1,5,21,2,0,4.828495216369628,5960,6085,0.526923076923077,0.10256410256410256,43.10769230769229,3349.7305736411554,16447.182699318706,2.000e-09
4,3,6,2,5,3,3,3,3,3,2,3,1,0,1,1,2,2,0,2,2,2,0,5.557853126525878,2980,3105,0.5386363636363637,0.11363636363636363,17.66818181818182,2321.7219599103514,9281.019550389237,2.300e-09
12,4,4,5,1,1,5,5,4,4,3,3,0,1,3,2,5,4,1,5,37,2,1,5.381083869934082,12950,13200,-0.25,0.16176470588235295,17.988235294117644,2690.104730463298,11799.955362290577,1.620e-06
2,2,6,3,5,0,4,0,1,2,2,0,3,6,2,5,4,2,2,2,8,2,1,10.780935096740723,13980,13980,-0.10208333333333319,0.16666666666666666,73.01666666666665,2406.9524818275936,9329.634169760155,9.520e-06
7,3,4,12,8,1,5,0,3,3,0,4,4,0,1,6,6,3,1,3,22,2,0,9.811652946472169,2980,2980,0.32238805970149254,0.08955223880597014,24.437462686567166,2996.6813274900137,14266.557209554763,9.000e-08
8,5,6,3,12,2,3,1,3,7,2,3,2,0,2,1,1,3,0,4,15,2,0,4.437670326232911,5960,5960,0.40781250000000013,0.109375,15.198437500000006,2692.8140723887523,11818.682139084523,1.000e-10
5,2,3,5,16,9,3,0,2,6,2,4,2,3,1,3,5,1,2,2,12,2,0,5.118828773498534,13980,13980,0.3594202898550725,0.08695652173913043,43.45797101449275,2988.9615679626772,13823.940462700948,2.900e-10
14,4,9,10,13,2,2,0,6,1,0,2,4,6,0,4,0,7,0,0,10,3,0,4.922279548645019,0,0,0.6444444444444443,0.024691358024691357,33.230864197530856,2846.772954364081,13053.17727523698,7.700e-07
6,2,2,2,2,1,2,0,10,2,4,1,2,3,2,6,2,2,3,8,43,2,1,4.711975288391113,9970,9970,-1.3360000000000005,0.12,23.89999999999999,2766.3977736927673,12438.224593278634,1.300e-05
11,5,4,5,4,3,6,1,1,3,3,1,2,2,2,2,4,1,0,6,34,2,0,5.357495689392089,7450,7450,0.275,0.19642857142857142,25.25178571428572,2709.9116410648903,12108.602722786516,1.600e-08
5,3,3,2,1,2,4,1,2,4,4,3,3,0,1,4,3,4,7,5,12,2,0,7.08977756500244,37470,37470,-0.6732142857142858,0.23214285714285712,15.164285714285713,2810.6177387946045,12395.76589799059,1.400e-08
8,5,5,5,3,2,2,0,5,5,3,0,6,1,1,1,5,4,1,4,14,2,2,4.273064613342286,9970,9970,-0.08333333333333333,0.1,28.78333333333333,2521.8139155849162,11007.067895517832,2.300e-06
8,4,5,16,9,3,4,0,4,3,2,4,5,0,1,2,4,8,1,3,21,2,0,6.925285530090332,9970,9970,0.49113924050632934,0.08860759493670886,17.77607594936709,3175.418163984457,15477.726606990649,3.000e-08
10,7,6,6,12,0,1,1,3,5,6,0,4,2,1,7,5,4,0,4,22,3,0,6.636088752746583,4470,4470,-0.17215189873417705,0.05063291139240506,55.60506329113924,2902.0357946197723,13507.583521991906,2.600e-08
9,12,7,7,9,3,8,0,1,4,0,0,4,3,3,1,3,4,0,5,15,2,2,4.252716255187988,4470,4470,1.205633802816901,0.1408450704225352,22.461971830985917,3015.5386925994026,14233.900239626568,6.480e-05
9,5,5,6,4,2,3,0,8,6,3,0,7,1,1,1,6,6,1,5,27,2,2,4.0500284194946286,11460,11460,-0.22112676056338026,0.11267605633802817,25.407042253521126,2958.710751966411,13759.05641876626,4.800e-08
1,4,9,5,5,1,1,2,3,5,2,2,1,4,4,3,6,5,3,5,24,3,0,4.539298439025879,23950,24075,-0.14769230769230782,0.13846153846153847,53.14,2757.3249844192114,12426.174077045227,6.700e-11
4,0,5,2,4,0,1,2,3,3,0,0,0,6,1,3,4,4,1,1,43,2,0,4.0500284194946286,6990,7115,-0.19999999999999998,0.07317073170731708,56.21219512195121,2053.592877916056,7917.378546552468,9.700e-06
11,3,5,0,1,1,3,0,4,3,1,3,1,0,1,2,4,1,6,4,63,2,0,4.184168434143066,24980,24980,-0.36,0.2,38.562749999999994,2744.182003588387,12158.296316305343,1.000e-06
11,4,5,5,1,1,5,5,4,4,3,4,0,0,4,3,5,5,1,5,37,2,0,6.062583351135253,12950,13200,-0.39857142857142847,0.15714285714285714,29.347142857142845,3003.27781902739,13807.115011736983,8.200e-08
6,5,4,5,13,0,2,0,2,5,1,6,2,4,1,4,2,0,1,4,26,2,0,9.630109977722167,11460,11460,0.16249999999999995,0.109375,18.91875,2720.737393245795,12343.016282601155,1.800e-09
7,4,3,11,8,1,6,0,3,3,0,3,4,0,1,6,7,2,1,3,49,2,0,9.811652946472169,2980,2980,0.3279411764705882,0.10294117647058823,17.42808823529412,3197.0906026399507,15621.519726584827,2.100e-07
6,1,5,6,12,0,3,0,6,4,2,3,1,4,1,2,4,0,0,1,0,1,0,4.70293788909912,1490,1490,0.4877192982456141,0.07017543859649122,43.34035087719298,2391.3374524545407,10090.936466478986,1.301e-07
6,1,3,2,5,2,2,3,2,1,1,4,3,3,3,7,4,3,1,3,14,2,0,9.497885322570802,6990,7115,-0.2627450980392156,0.0784313725490196,18.811764705882354,2593.45084291513,11021.360499265744,1.200e-05
6,1,7,6,2,3,4,1,5,3,3,1,4,4,1,2,4,3,4,6,12,2,0,4.444832038879395,30940,30940,-0.3671875,0.21875,15.412656249999998,2679.4532286613344,11955.274915474813,2.200e-07
11,3,7,4,4,2,8,2,3,6,1,0,5,1,3,1,10,1,5,7,34,2,0,4.0500284194946286,26930,26930,-0.19729729729729714,0.22972972972972974,32.48662162162162,2934.1771588051643,14068.716676579268,4.300e-06
6,3,2,2,1,2,4,1,2,5,4,3,3,0,1,3,3,4,7,6,17,2,0,6.03098087310791,37470,37470,-0.8272727272727272,0.23636363636363636,13.321818181818182,2889.2690813574045,13020.956725020742,2.000e-06
2,4,5,5,1,1,3,2,4,4,1,0,0,4,6,2,6,6,3,5,31,3,0,4.29062786102295,23950,24075,-0.15087719298245622,0.19298245614035087,57.226315789473674,2511.474873400842,10881.71470638434,6.930e-04
8,2,6,3,9,5,6,0,5,5,3,4,3,2,2,3,2,5,0,4,26,3,0,5.8221544265747065,2980,2980,-0.07777777777777785,0.09722222222222222,23.17083333333333,2923.7782070272897,13626.16927366993,1.750e-05
1,7,7,5,14,3,2,3,4,8,0,7,4,3,5,2,3,1,2,4,6,2,0,4.992816734313963,15470,15595,0.16499999999999995,0.0875,44.738749999999996,3248.0947000821225,15551.869548425018,4.900e-07
2,1,6,3,5,0,4,0,1,2,2,0,3,6,2,4,4,2,2,2,8,2,1,9.96889133453369,13980,13980,-0.0085106382978723,0.1702127659574468,65.00851063829785,2291.5615064366475,8644.411826071493,2.220e-05
11,7,6,7,11,0,1,1,3,5,6,0,4,2,1,7,6,5,0,4,39,4,0,6.636088752746583,4470,4470,-0.18902439024390222,0.04878048780487805,50.83048780487804,3059.2825098314242,14546.890236880665,2.300e-06
8,1,5,7,11,0,4,0,6,5,2,3,1,4,1,2,4,2,0,1,45,2,0,4.702540016174315,1490,1490,0.5083333333333333,0.08333333333333333,34.221666666666664,2699.7241052009613,12109.83486000581,6.000e-12
5,7,4,3,4,1,5,0,3,2,6,2,1,2,0,0,1,3,2,2,22,2,2,6.619207572937013,8480,8480,0.18478260869565213,0.15217391304347827,31.193478260869565,2335.810367872163,9480.524991892382,1.500e-03
7,4,4,4,14,0,3,0,2,5,1,6,2,3,2,3,2,1,1,4,18,2,0,9.399313163757324,11460,11460,0.24062500000000014,0.125,18.781250000000004,2800.1902944086883,12711.463310104396,5.900e-09
4,5,6,3,4,1,5,0,2,4,2,1,7,1,1,2,4,4,6,6,28,2,0,4.969455909729004,29450,29450,-0.24576271186440682,0.23728813559322032,8.037288135593219,2671.1077939116126,12083.637337531956,3.300e-06
14,4,10,10,15,2,2,0,6,2,0,2,4,6,4,4,0,8,0,0,32,3,0,4.664685249328613,0,0,0.6000000000000001,0.022727272727272728,31.674999999999994,3310.4350931977892,16142.689980413545,2.000e-10
3,9,2,1,4,3,3,1,0,1,5,0,3,4,0,5,2,2,0,1,27,2,0,11.419623374938965,1490,1490,-0.2813953488372092,0.09302325581395349,26.55581395348838,2216.1179994528406,8923.876914081302,1.500e-05
7,4,3,4,16,0,2,0,2,4,1,5,2,3,2,4,1,1,1,4,14,2,0,9.697092628479005,11460,11460,0.47627118644067806,0.11864406779661016,23.71694915254237,2893.731194152107,13086.395849906821,2.000e-11
5,6,9,6,14,2,3,1,4,2,3,4,4,2,0,5,4,2,1,4,13,2,0,9.357537651062014,4470,4470,0.5168831168831167,0.06493506493506493,22.33896103896103,3300.8980376717454,15868.15269147973,4.800e-07
16,4,5,11,9,0,9,1,12,3,0,2,3,2,4,0,15,9,4,5,54,2,0,4.0500284194946286,18450,18450,0.24351851851851847,0.1388888888888889,29.8473148148148,4347.565530613757,23818.991949261086,1.000e-09
3,4,6,3,7,4,3,1,0,6,0,1,1,2,3,2,2,3,2,3,9,2,0,4.480129051208496,9970,9970,0.18979591836734697,0.12244897959183673,46.58367346938775,2405.7939511684863,10025.237663206653,1.370e-07
11,3,7,2,8,7,3,2,3,2,0,0,1,1,4,1,6,3,1,4,19,2,0,4.0500284194946286,5960,6085,0.4982758620689655,0.12068965517241378,38.381034482758615,2580.4110540185266,11438.688072142484,3.500e-07
1,4,9,5,5,1,1,2,2,5,2,2,2,3,4,1,6,5,3,5,13,3,0,4.479560661315918,23950,24075,-0.06031746031746036,0.14285714285714285,53.99682539682539,2572.784385915419,11208.75944067098,7.900e-08
4,0,5,2,4,0,1,2,3,3,0,0,0,6,1,3,4,4,1,1,41,2,0,4.0500284194946286,6990,7115,-0.19999999999999998,0.07317073170731708,56.21219512195121,2096.424077659303,8079.785236955822,2.060e-05
14,4,10,10,17,2,2,0,6,1,0,2,4,6,2,4,0,8,0,0,23,3,0,4.922279548645019,0,0,0.7447058823529411,0.023529411764705882,29.87176470588235,3100.4221112524415,14638.615170196908,1.100e-08
12,5,4,4,3,1,2,5,3,0,2,5,2,1,2,0,9,2,1,7,50,2,0,8.690160942077636,11460,11710,-0.255357142857143,0.12499999999999999,15.542857142857144,2888.6592205561483,12292.414021390341,1.100e-08
10,4,10,8,9,5,4,1,3,5,0,4,2,2,1,3,5,7,3,5,24,2,0,4.811727714538574,11460,11460,0.41000000000000014,0.1,20.24125,3088.7796598894565,14902.44341980468,7.700e-09
12,5,4,4,3,1,2,5,3,0,2,5,5,1,3,0,7,2,1,7,33,2,0,8.677460670471191,12950,13200,-0.3092307692307693,0.12307692307692308,23.192307692307697,2998.940042363578,13142.082197346223,2.640e-07
3,2,1,5,6,2,2,0,2,4,0,2,1,6,0,1,1,2,1,1,16,2,0,4.359289360046388,6990,6990,0.18918918918918914,0.08108108108108109,39.27837837837837,1896.5759845424104,7037.563206207242,1.890e-06
1,5,10,6,5,1,3,2,2,5,2,2,3,4,4,1,9,5,3,5,11,3,0,4.735563468933106,23950,24075,0.13026315789473683,0.14473684210526316,43.68026315789473,2904.417402661692,13346.271791839941,4.000e-10
3,4,8,5,13,1,4,0,4,5,2,9,2,1,2,1,0,4,0,3,16,2,0,8.97208118438721,4470,4470,0.4073529411764708,0.10294117647058823,-5.236764705882355,2964.3860852879193,13725.320965976209,7.000e-08
12,14,8,8,6,2,4,0,6,5,2,2,2,1,3,2,7,3,0,1,21,3,0,4.330983543395997,1490,1490,0.3166666666666667,0.05952380952380952,17.71904761904762,2838.1981803176013,13090.113123497147,1.000e-05
3,8,12,7,14,9,9,2,3,4,3,2,1,4,5,6,8,1,2,2,18,2,0,6.890784263610841,13980,14105,0.7776595744680848,0.11702127659574468,27.507446808510643,3502.8008871489956,17864.87027461851,1.700e-09
4,0,5,2,4,0,1,2,3,3,0,0,0,6,1,3,4,4,1,1,45,2,0,4.0500284194946286,6990,7115,-0.19999999999999998,0.07317073170731708,56.21219512195121,2120.9513924596363,8301.940861815729,2.710e-04
4,8,12,6,15,8,9,2,3,5,3,2,1,4,6,6,8,1,1,2,16,2,0,6.095322608947753,8480,8605,0.6989795918367345,0.10204081632653061,28.55510204081633,3489.089325400416,17987.30695946481,7.600e-08
2,5,5,3,5,2,3,3,3,2,4,2,3,2,2,0,2,5,3,4,31,2,2,4.798938941955567,9970,10095,0.14897959183673465,0.12244897959183673,31.84714285714286,2558.309144391409,11173.59935597735,1.300e-03
8,1,7,3,8,3,5,3,2,4,3,3,1,0,5,1,3,3,0,3,17,2,0,5.442811012268066,4470,4595,0.43968253968253973,0.12698412698412698,13.51269841269841,2636.029591815722,11411.33430268511,9.000e-11
5,3,7,7,4,3,4,1,5,3,3,2,4,4,1,2,4,3,4,7,22,2,0,4.68889865875244,30940,30940,-0.2925373134328359,0.208955223880597,26.235970149253724,2896.786569832096,13281.232948110963,5.000e-08
13,3,8,4,4,2,8,1,2,6,1,1,3,2,3,2,8,0,6,7,36,2,0,4.076003837585449,36440,36440,-0.015068493150684878,0.2465753424657534,31.442602739726023,2970.8213099946,14237.110688158391,1.300e-10
9,8,7,1,5,0,1,0,3,3,1,5,4,4,1,3,7,4,1,7,44,2,0,9.631850624084471,12950,12950,-0.3289855072463768,0.10144927536231883,21.611594202898555,2996.3188791984585,13792.233394740999,1.800e-05
8,3,4,6,3,1,3,0,3,1,0,3,3,1,2,2,5,5,2,5,28,2,0,4.225945091247559,18450,18450,-0.021568627450980277,0.17647058823529413,3.243137254901959,2505.31916704497,10805.631869896162,1.400e-03
4,0,5,1,4,0,1,2,2,3,0,0,0,6,1,3,3,4,1,1,33,2,0,4.366280555725097,6990,7115,-0.09999999999999999,0.07692307692307693,48.7051282051282,1921.170802226527,7044.426753024554,1.040e-03
12,13,8,7,6,2,4,1,6,6,2,2,2,1,3,1,7,3,0,1,24,3,0,4.12454433441162,1490,1490,0.18271604938271604,0.06172839506172839,18.935802469135798,2763.844899799407,12658.99176241967,1.500e-12
6,7,9,6,14,2,3,1,4,3,3,4,5,2,0,5,4,2,1,5,32,2,0,8.888659095764162,5960,5960,0.4506024096385542,0.07228915662650603,25.374698795180716,3367.211261427367,16467.84522393008,1.000e-08
5,2,3,5,16,9,3,0,2,5,3,3,2,3,0,2,5,2,2,2,34,2,0,5.390860176086425,13980,13980,0.4984848484848485,0.09090909090909091,46.26515151515151,2876.992019799421,13264.548341729373,9.200e-10
1,4,8,5,4,1,1,2,2,5,2,2,0,3,4,1,6,5,3,5,15,3,0,4.479560661315918,23950,24075,-0.016666666666666618,0.15,50.993333333333325,2476.421091971728,10643.95016835689,2.200e-09
12,13,8,7,6,2,4,0,6,5,2,2,2,1,3,2,7,3,0,1,21,3,0,4.330983543395997,1490,1490,0.19506172839506175,0.06172839506172839,18.00493827160494,2825.6117257656456,12964.307191383277,5.000e-12
10,4,4,4,7,1,4,5,6,4,1,3,3,2,0,6,2,3,3,5,41,2,1,5.691595268249511,23950,24200,-0.4915492957746477,0.14084507042253522,16.253661971830986,3226.7135078584965,15139.819068763567,5.700e-08
8,4,3,13,8,3,6,0,3,2,0,2,4,0,2,7,7,4,1,2,30,2,0,10.386259651184083,2980,2980,0.2753424657534246,0.0821917808219178,12.345342465753426,3249.8697057076333,15888.84825894072,8.620e-06
7,8,4,3,5,1,7,0,9,2,7,3,2,2,0,1,4,4,2,2,42,2,3,5.008674812316894,13980,13980,-0.19577464788732396,0.15492957746478872,10.940845070422538,3060.846710209351,13616.786834162935,2.800e-10
6,5,13,2,15,4,6,0,3,4,3,2,3,5,3,5,3,4,0,3,34,2,0,8.400182151794436,4470,4470,0.6317073170731707,0.0975609756097561,26.96841463414634,3214.996215595628,15751.106861628854,9.600e-07
13,3,3,8,10,0,9,0,11,3,0,0,3,1,4,0,15,9,3,3,46,2,0,4.0500284194946286,20970,20970,0.10344827586206892,0.12643678160919541,33.15977011494252,3513.9904859308867,17879.410070100726,1.500e-08
6,6,11,2,15,4,5,0,3,4,3,2,3,4,2,8,3,4,0,3,36,2,0,9.398604011535646,4470,4470,0.5443037974683543,0.08860759493670886,19.365822784810128,3525.3633821988283,17795.95848690356,5.000e-05
6,4,6,10,10,5,9,1,3,7,3,4,1,1,4,3,3,2,0,2,26,2,0,4.715783500671387,1490,1490,0.5324324324324325,0.12162162162162163,22.25810810810811,3307.9471361579426,16338.918542458869,3.300e-09
1,4,9,5,4,1,1,2,2,5,2,2,2,4,4,1,6,5,3,5,10,3,0,4.479560661315918,23950,24075,-0.14126984126984135,0.14285714285714285,57.05396825396825,2576.755360171662,11275.164488647299,2.970e-07
5,5,5,3,4,1,5,0,2,4,2,1,8,1,1,3,5,4,6,6,42,3,0,4.64268856048584,29450,29450,-0.38166666666666665,0.23333333333333334,4.149999999999999,2742.8251323868703,12602.576416062164,3.840e-07
7,3,4,3,7,3,5,3,5,2,3,4,3,4,4,7,5,3,1,3,19,2,0,9.025525474548338,8480,8605,-0.32533333333333325,0.10666666666666666,30.415999999999993,3262.9154026917176,15505.601112496644,4.000e-09
10,6,5,5,4,1,6,1,2,3,3,2,2,1,2,2,4,1,0,6,12,4,0,5.357495689392089,7450,7450,0.36896551724137927,0.1896551724137931,18.64137931034483,2636.895230225244,11523.526889510364,3.130e-07
8,4,3,13,8,2,7,0,3,2,0,5,3,0,2,6,7,4,1,2,28,2,0,10.358409309387206,2980,2980,0.19863013698630136,0.0821917808219178,11.05219178082192,3378.1228031719033,16878.548400378164,3.000e-09
6,4,7,9,11,5,9,1,1,8,2,3,1,2,4,4,3,2,0,2,13,2,0,6.1008928298950185,1490,1490,0.4835616438356167,0.1232876712328767,25.46164383561644,3191.2126238469828,15768.623340959273,1.000e-08
8,5,8,5,14,6,6,1,5,7,3,6,1,6,3,3,2,5,0,7,18,3,0,5.50215091705322,10430,10430,0.1478260869565217,0.14130434782608697,29.11739130434782,4209.700722369413,22599.392426566683,9.000e-09
4,5,9,4,16,0,4,1,4,3,3,6,3,2,1,5,1,2,0,3,26,2,0,9.516903495788572,4470,4470,0.4567567567567568,0.0945945945945946,20.163513513513518,3065.9589064077786,14668.2279199852,3.700e-05
8,7,5,1,5,0,1,0,3,2,1,5,4,4,1,3,7,3,0,6,39,2,0,9.459977912902833,5960,5960,-0.29666666666666675,0.08333333333333333,28.514999999999993,2727.2888074914194,11968.96825220002,8.000e-04
5,5,6,1,7,2,2,0,2,3,2,1,2,3,2,6,2,2,0,2,38,2,0,6.902549934387207,2980,2980,-0.053999999999999986,0.08,37.88,2474.3006981997396,10255.073981843983,5.100e-03
12,3,7,5,7,2,9,1,5,7,2,0,6,4,3,2,13,1,6,7,44,2,0,4.0500284194946286,32430,32430,-0.18152173913043465,0.1956521739130435,40.933804347826076,3669.7078918363145,19153.37715437977,8.000e-10
12,14,8,8,6,2,4,0,6,5,2,2,2,1,3,2,6,3,0,1,19,3,0,4.330983543395997,1490,1490,0.3166666666666667,0.05952380952380952,17.71904761904762,2846.1243557937396,13091.436130071119,7.700e-11
9,5,6,8,7,4,6,1,2,5,0,3,2,2,0,3,5,7,2,5,18,2,0,5.14935131072998,12950,12950,0.4153846153846156,0.14102564102564102,25.467948717948705,2915.915665775591,13557.771520041511,3.590e-06
13,3,2,8,8,0,8,0,11,3,0,0,3,1,4,0,15,9,3,3,50,2,0,4.0500284194946286,15470,15470,0.022619047619047546,0.11904761904761904,30.270238095238085,3465.4858758795453,17364.85782518321,4.800e-08
9,5,5,6,7,4,5,0,2,4,0,3,2,2,0,4,5,8,3,4,25,2,0,8.299611473083495,11460,11460,0.07714285714285717,0.12857142857142856,24.484285714285708,2986.096871059488,13950.416660819605,1.600e-07
2,6,7,2,1,2,3,4,1,3,2,3,5,2,2,3,0,3,0,2,62,2,0,8.025040626525882,2980,3105,-0.15714285714285722,0.10204081632653061,32.16122448979592,2434.641991361836,9983.51671617656,1.200e-06
7,2,2,2,2,1,2,0,10,2,4,1,1,3,3,5,2,2,3,8,41,2,1,4.711975288391113,9970,9970,-1.3596153846153851,0.11538461538461539,23.36538461538461,2593.3213554080553,11374.873859597421,1.500e-07
7,3,1,8,8,0,6,0,11,1,0,0,1,0,1,0,10,6,3,4,37,2,0,4.0500284194946286,13980,13980,0.09499999999999996,0.13333333333333333,28.17499999999999,2779.3081918243042,12604.423168646099,2.200e-04
7,7,6,5,9,5,1,2,7,4,1,3,4,4,1,1,3,3,2,5,27,3,1,4.1420507431030265,18450,18575,0.03421052631578954,0.10526315789473684,8.292105263157897,3073.108583609693,13530.49698587828,1.320e-07
6,2,6,5,9,2,3,1,3,4,1,7,2,1,4,2,2,1,0,4,18,2,0,9.418137931823733,5960,5960,0.047457627118644034,0.1016949152542373,25.8864406779661,2719.9242281733727,12118.293090270485,1.190e-08
12,3,5,4,4,2,8,1,3,6,1,0,5,1,3,1,11,1,5,7,32,2,0,4.0500284194946286,32430,32430,-0.21688311688311693,0.23376623376623376,27.157272727272726,2886.3737701418586,13710.888457038056,3.340e-07
1,7,7,5,15,3,2,3,4,7,0,8,2,3,3,2,2,1,2,4,4,2,0,5.341012382507324,15470,15595,0.3474358974358974,0.08974358974358973,31.292307692307688,3168.0020627563395,15149.695471808593,5.810e-06
10,8,2,5,8,2,5,2,3,6,4,3,10,3,1,4,6,8,1,7,28,2,1,6.007222175598144,9970,9970,-0.48095238095238085,0.09523809523809523,23.14285714285713,3468.415775990995,17968.655157553123,3.030e-04
6,4,6,3,10,0,4,1,3,7,1,4,2,1,2,1,2,1,0,3,21,2,0,4.443183708190918,4470,4470,0.30357142857142866,0.125,6.46625,2530.245197947249,11041.297002388294,1.370e-05
5,9,4,4,5,4,3,1,1,1,5,0,3,5,0,6,2,3,0,1,19,2,0,10.640587425231931,1490,1490,0.08245614035087721,0.07017543859649122,18.075438596491228,2613.4907717984024,11179.212926842501,6.800e-06
7,3,6,3,9,1,3,1,4,6,2,7,1,2,1,3,4,1,1,3,42,2,0,6.925228691101075,9970,9970,-0.1415384615384616,0.1076923076923077,13.89076923076923,2733.2316687344296,12108.094443185133,2.200e-08
12,4,4,3,3,0,2,5,3,0,2,4,2,1,2,0,6,1,1,5,34,2,0,8.386966133117678,8480,8730,-0.2120000000000001,0.1,18.644000000000002,2502.0102980809324,10094.94583253439,8.000e-06
5,4,7,1,7,2,3,0,3,3,3,1,2,3,2,7,3,3,0,3,40,2,0,8.416879463195801,4470,4470,-0.14821428571428572,0.10714285714285714,39.94482142857143,2760.083694961156,12258.869940669929,5.000e-04
4,8,9,13,10,2,6,2,6,4,1,2,2,1,2,7,5,4,1,6,40,2,0,5.118828773498534,12950,13075,0.6271604938271603,0.1111111111111111,52.02222222222222,3539.1416507142753,17950.405380646218,4.000e-08
3,4,7,4,8,4,3,2,1,9,1,2,1,2,2,2,4,2,2,3,26,2,0,4.427666664123536,9970,10095,0.24032258064516132,0.11290322580645161,38.26129032258064,2646.6676414584954,11641.474552190688,5.000e-07
4,7,2,3,3,2,0,1,5,1,0,2,8,3,2,4,6,10,0,4,51,2,0,6.589480781555175,4470,4470,-0.8538461538461537,0.046153846153846156,14.426153846153845,2650.0105534128634,11495.986093705673,1.100e-06
11,4,4,4,5,1,3,5,6,4,1,4,3,2,0,4,2,5,4,5,36,2,1,5.1187150955200185,29450,29700,-0.3430555555555555,0.1527777777777778,14.743194444444445,3221.6002160517364,15156.354040718586,4.400e-06
6,5,10,4,5,2,7,0,2,6,3,2,8,1,1,4,5,4,6,8,39,2,0,5.428089714050292,36440,36440,-0.09512195121951221,0.21951219512195125,8.300000000000002,3459.7782191517886,17322.882929301013,3.520e-05
3,2,1,5,7,2,2,0,4,4,0,2,1,6,0,1,1,2,1,1,22,2,0,4.196729850769043,6990,6990,0.27749999999999997,0.07500000000000001,32.59999999999999,2048.708045512492,7886.242909676794,2.900e-07
4,0,5,2,4,0,1,2,3,3,0,0,0,6,1,3,4,4,1,1,55,2,0,4.0500284194946286,6990,7115,-0.19999999999999998,0.07317073170731708,56.21219512195121,2138.9812846291707,8415.284936022308,1.070e-04
10,7,5,5,4,1,6,1,3,3,3,2,2,3,2,2,4,1,0,6,27,3,0,4.971899986267089,7450,7450,0.36451612903225805,0.1774193548387097,16.403225806451612,2907.8305792631963,13323.936732558326,8.000e-09
3,8,4,3,5,1,2,1,1,4,1,4,0,0,4,1,1,5,2,1,28,3,1,8.164227867126463,12490,12490,0.19333333333333333,0.1111111111111111,15.062222222222218,2435.829146723412,9962.487440308518,7.600e-06
8,4,3,12,8,1,6,0,3,3,0,4,4,0,1,6,7,4,1,1,39,2,0,9.976949882507324,1490,1490,0.3057142857142857,0.08571428571428572,25.120142857142856,3092.5737323557782,14706.898739085791,8.700e-07
10,8,2,2,8,2,5,1,3,6,4,3,9,3,1,3,5,8,0,6,32,2,1,5.397169303894043,4470,4470,-0.5171052631578947,0.07894736842105263,6.411842105263157,3221.9344628227213,15999.080304856763,8.100e-05
6,3,6,3,10,1,3,1,3,6,2,7,1,2,1,2,3,0,0,2,17,2,0,6.773127555847168,2980,2980,0.13749999999999993,0.08928571428571427,5.7696428571428555,2528.147761533285,10905.40356485631,2.350e-07
7,1,7,6,12,0,4,0,6,5,2,3,1,4,1,2,5,0,0,1,24,2,0,4.45119800567627,1490,1490,0.4812499999999999,0.078125,42.58749999999999,2661.9380171269418,11636.62217753546,1.100e-09
10,6,5,5,4,1,6,1,2,3,3,2,2,2,2,2,4,1,0,6,9,4,0,5.357495689392089,7450,7450,0.36896551724137927,0.1896551724137931,18.64137931034483,2684.4692569176077,11830.919506567101,7.880e-07
6,2,6,4,7,2,2,1,3,4,1,6,2,1,3,2,2,1,0,4,13,2,0,9.210549736022948,5960,5960,0.0622641509433962,0.09433962264150943,19.85094339622642,2489.0522222613417,10695.553778548749,2.000e-07
6,3,7,6,3,3,4,1,3,3,3,1,4,3,2,2,3,3,4,6,14,2,0,4.29062786102295,30940,30940,-0.05084745762711863,0.23728813559322032,12.340847457627119,2871.9696968445005,13086.868700878445,2.500e-06
10,4,8,8,8,4,4,1,3,5,0,5,2,2,1,2,5,6,3,4,17,2,0,5.176292991638182,11460,11460,0.29350649350649366,0.1038961038961039,19.766233766233768,2972.3888970023263,14033.518209044521,1.260e-07
3,4,7,4,5,1,4,2,3,3,0,1,0,2,7,2,8,5,1,8,25,3,0,4.684408378601074,17420,17545,0.2515624999999999,0.203125,35.5421875,2979.131087720925,13740.820134098836,3.000e-09
8,2,6,3,9,5,5,0,5,5,2,4,3,2,2,3,3,5,0,4,25,3,0,5.501070976257323,2980,2980,-0.07571428571428576,0.08571428571428572,26.44571428571428,2882.4181526971292,13555.931565388239,1.100e-06
6,7,9,6,15,2,3,1,6,2,5,7,3,1,2,5,5,2,1,5,55,2,0,9.6092866897583,5960,5960,0.36352941176470593,0.08235294117647059,13.7164705882353,3571.3532884301026,18051.710340251633,1.400e-09
10,12,5,8,11,5,9,0,1,4,0,0,4,3,3,1,3,5,0,4,8,2,2,4.252716255187988,4470,4470,1.0876712328767117,0.136986301369863,24.416438356164385,2947.325799198772,13974.552586978696,9.500e-07
3,6,8,5,5,2,6,2,5,3,1,2,1,4,7,2,9,5,2,8,31,3,0,4.233390998840332,22920,23045,0.03975903614457828,0.1927710843373494,64.36144578313251,3270.3820327624385,15869.27067312602,4.700e-12
10,5,5,6,5,1,2,0,7,5,3,0,6,1,2,1,5,5,1,5,34,2,2,4.0500284194946286,11460,11460,-0.22571428571428573,0.09999999999999999,26.847142857142856,2964.217364999128,13650.65298424199,9.100e-09
6,1,7,4,7,2,3,1,3,4,2,7,2,1,4,2,2,1,0,4,18,2,0,9.41820240020752,5960,5960,-0.03684210526315799,0.10526315789473684,18.896491228070172,2748.191093872254,12443.784601076519,6.000e-10
2,8,4,2,6,2,2,0,1,1,3,2,2,4,0,6,5,2,3,4,16,2,0,10.903296089172361,20970,20970,-0.08545454545454553,0.14545454545454545,42.734545454545454,2659.050395189449,11624.170672101984,3.100e-07
4,5,2,2,3,2,0,1,4,2,0,2,6,2,1,2,6,7,0,3,38,2,0,4.528214836120605,2980,2980,-0.8039215686274507,0.0392156862745098,28.001960784313727,2205.2428073699475,8775.21936888599,4.400e-03
8,4,9,6,6,4,4,1,3,4,0,4,2,2,1,2,5,7,2,5,48,2,0,5.04931468963623,12950,12950,0.3500000000000001,0.125,20.45138888888889,3093.411296399109,14827.10282648608,1.898e-05
2,8,4,3,4,1,2,1,1,4,1,4,0,0,3,1,1,5,2,1,19,3,0,8.136893272399902,12490,12490,0.17073170731707327,0.12195121951219513,19.46585365853658,2268.627691538511,8919.928540615583,5.190e-04
7,3,4,3,5,3,4,3,4,1,2,3,3,3,4,7,5,3,1,3,37,2,0,9.302932929992675,8480,8605,-0.30757575757575745,0.10606060606060606,25.58787878787879,2988.914282140176,13439.017542626294,3.600e-08
3,5,6,3,4,1,5,0,2,4,3,1,6,1,1,3,4,4,6,6,28,2,0,4.969455909729004,29450,29450,-0.2431034482758621,0.2413793103448276,10.594827586206899,2773.5336663133608,12726.733355584194,6.500e-08
9,6,5,1,4,0,1,0,2,2,1,5,2,3,1,2,6,2,1,5,27,2,0,6.854634666442871,9970,9970,-0.18235294117647063,0.09803921568627451,21.509803921568636,2575.582953850709,10825.770064924058,3.000e-03
13,6,4,6,5,1,1,5,4,2,3,4,0,2,4,5,3,7,2,6,47,2,0,8.955125999450683,16960,17210,-0.20649350649350653,0.09090909090909091,24.322207792207788,3660.048071109582,18587.064341455694,3.000e-10
6,5,6,5,10,0,4,1,4,7,1,4,4,1,2,1,2,2,0,4,29,2,0,4.250840568542481,4470,4470,0.2790322580645162,0.11290322580645161,8.545322580645161,2736.3908949931238,12491.64099155447,5.600e-09
13,7,7,8,10,2,5,1,5,5,0,5,4,4,4,4,10,6,3,7,49,2,0,5.345616340637206,26930,26930,-0.1366336633663365,0.12871287128712872,22.13069306930693,3972.9755088689176,21619.15526798638,1.700e-11
11,3,8,2,9,7,4,2,4,2,1,1,1,2,4,2,6,3,1,4,33,2,0,4.100842475891112,5960,6085,0.48030303030303034,0.12121212121212122,38.44242424242424,2927.8482774583626,13655.642242155933,2.805e-05
12,5,5,6,1,1,5,5,4,5,3,3,0,2,3,2,5,5,1,5,49,2,1,5.073755455017088,12950,13200,-0.18421052631578952,0.14473684210526316,16.88026315789473,2854.9267583634646,12652.62110296243,3.700e-09
2,3,3,4,4,4,3,1,5,1,0,2,3,4,3,0,0,2,1,4,32,2,0,4.063215065002441,11460,11460,0.029166666666666657,0.16666666666666666,20.079166666666673,2278.170440838549,9144.825492163614,2.460e-06
7,3,4,3,6,3,4,3,4,1,2,3,3,3,4,7,5,3,1,3,25,2,0,9.302932929992675,8480,8605,-0.30757575757575745,0.10606060606060606,25.58787878787879,3007.8868651693506,13650.912272156289,4.700e-07
6,4,4,2,4,3,5,1,2,6,4,3,3,0,1,5,4,4,7,5,31,2,0,7.092619514465332,38960,38960,-0.5971428571428571,0.21428571428571427,27.972857142857137,3171.583180425544,14996.984209688513,6.330e-08
4,7,6,4,6,4,4,4,7,4,5,4,5,4,3,2,3,6,3,6,19,2,2,4.834974861145019,14440,14565,-0.27764705882352936,0.12941176470588234,30.85894117647058,3420.91335209321,16879.142957593205,8.200e-12
2,2,6,3,5,0,4,0,1,2,2,0,3,7,2,4,4,2,2,2,15,2,1,8.35370044708252,13980,13980,-0.11224489795918349,0.16326530612244897,70.62448979591835,2328.922029104378,8977.729253022915,1.100e-06
2,5,1,3,2,2,4,0,2,5,3,4,3,3,1,4,1,3,0,3,24,2,0,8.323013496398929,4470,4470,-0.8044444444444443,0.15555555555555556,45.542444444444435,2555.373436556687,10661.570136233593,1.240e-06
10,7,2,2,7,1,4,1,3,6,4,3,9,2,1,3,5,7,0,7,28,2,1,5.397169303894043,4470,4470,-0.6242857142857142,0.08571428571428572,-0.8928571428571438,3124.2403031798954,15230.855000213256,4.010e-03
14,3,7,12,11,1,1,0,6,2,0,3,3,5,1,4,0,7,0,0,23,3,0,5.0368669509887685,0,0,0.4360000000000002,0.013333333333333334,33.852000000000004,2895.0776190779475,13090.887615722573,5.000e-05
11,7,7,6,11,0,1,1,3,5,6,0,4,2,1,7,6,5,0,4,37,4,0,6.636088752746583,4470,4470,-0.1361445783132528,0.04819277108433735,51.361445783132524,2970.089934152156,13985.102414205956,1.400e-07
2,3,3,4,4,4,3,1,5,1,0,2,4,4,3,0,0,2,1,4,49,2,0,4.063215065002441,11460,11460,0.029166666666666657,0.16666666666666666,20.079166666666673,2366.7520001249704,10039.076554537369,5.520e-08
3,6,5,3,5,4,4,4,5,4,4,2,4,2,2,0,3,6,3,6,19,2,2,4.229696464538574,14440,14565,0.11159420289855077,0.15942028985507245,28.02623188405797,2966.364815409093,13900.437734449657,1.100e-08
1,0,4,1,3,0,4,0,1,2,2,0,2,5,2,4,4,0,2,2,3,2,0,9.96889133453369,13980,13980,-0.5486486486486486,0.1891891891891892,74.92702702702704,1902.4470141744812,6623.829216239647,2.400e-04
11,11,7,8,10,7,8,0,2,4,0,0,3,2,2,1,3,3,2,4,14,2,2,4.0500284194946286,11460,11460,1.1813333333333331,0.16,17.52533333333334,3144.980669820335,15380.693421904582,3.180e-07
16,5,8,6,2,1,4,0,8,4,1,3,6,1,1,2,5,3,6,7,94,2,0,4.461542701721191,34950,34950,-0.01818181818181812,0.18181818181818182,20.502727272727267,3605.543717796333,18411.686055614155,7.000e-08
7,8,4,3,4,1,6,0,7,2,6,3,1,2,0,1,3,4,2,2,35,2,2,5.50010471343994,13980,13980,-0.14153846153846159,0.15384615384615385,12.600000000000001,2758.353016033739,11915.528100754618,6.700e-08
9,5,6,6,6,4,5,1,2,4,0,3,2,2,0,4,5,8,2,5,24,2,0,8.268279838562016,12950,12950,0.12499999999999997,0.1388888888888889,26.75694444444444,2885.436042430613,13199.165683792538,1.280e-05
9,6,4,4,4,0,0,5,5,0,2,3,0,1,1,1,4,4,2,3,43,2,0,6.875494575500488,6990,7240,0.21400000000000027,0.04,13.318000000000001,2258.880219593397,9166.221386475736,9.700e-05
6,6,9,2,14,2,3,1,4,1,3,5,4,2,0,1,4,2,1,3,23,2,0,7.886433601379394,2980,2980,0.716176470588235,0.058823529411764705,7.3279411764705875,2884.511620545675,13102.037571501698,1.140e-07
1,6,0,1,3,1,0,0,1,2,1,1,2,1,2,0,2,4,1,2,16,2,0,4.651157569885254,8480,8480,-0.38620689655172413,0.10344827586206896,-6.086206896551722,1562.1163555419778,4977.754109742483,1.300e-03
7,2,7,4,8,2,3,1,3,4,1,6,2,1,2,2,2,1,0,4,22,2,0,8.833409690856932,5960,5960,0.17586206896551723,0.10344827586206896,18.505172413793108,2501.777551199323,10867.610335611747,6.000e-08
3,8,4,3,5,1,2,1,1,4,1,4,0,1,3,1,1,5,2,1,19,3,0,8.136893272399902,12490,12490,0.32826086956521744,0.10869565217391304,15.96521739130435,2374.4081378634014,9630.687311306669,1.435e-03
10,3,7,1,9,7,3,2,3,2,1,0,1,1,4,1,6,4,1,4,25,2,0,4.0500284194946286,5960,6085,0.49491525423728805,0.11864406779661017,42.869491525423726,2688.545938875031,12136.611210180263,7.000e-06
7,5,5,6,3,1,2,0,6,6,3,0,6,1,0,1,4,4,1,5,22,2,2,4.0500284194946286,9970,9970,-0.14098360655737707,0.09836065573770492,20.74262295081967,2494.5209913879876,10846.94580042903,1.700e-03
6,2,6,4,9,2,4,1,2,5,2,6,2,1,2,3,2,1,0,4,12,3,0,9.25425930023193,4470,4470,0.11186440677966096,0.1016949152542373,31.82203389830508,2773.268685913621,12231.116891143642,4.400e-09
12,7,4,7,5,2,1,6,4,2,3,4,1,3,5,4,2,7,2,5,40,2,0,8.717237663269042,15470,15720,-0.10779220779220783,0.07792207792207792,11.779350649350647,3579.8270693590603,18080.94936621942,5.000e-09
11,7,4,3,2,2,2,0,5,3,1,2,3,2,1,1,2,4,4,7,47,2,0,4.0500284194946286,16960,16960,-0.163157894736842,0.14035087719298245,41.338771929824546,3021.9807996678005,13850.100294685966,6.000e-04
10,6,6,5,10,0,1,1,1,5,6,0,4,1,1,5,4,3,0,4,18,4,0,7.095859336853027,4470,4470,0.13538461538461544,0.06153846153846154,34.55692307692307,2743.3944594387353,12380.135870029915,2.000e-04
10,6,7,7,8,2,4,0,3,3,0,4,3,1,2,4,7,5,2,6,38,2,0,6.376959800720214,19940,19940,0.1986666666666666,0.16,6.209333333333333,3229.493674305615,15981.044507361225,1.900e-07
8,4,5,5,3,2,3,0,3,2,0,3,2,1,1,2,4,5,2,5,12,2,0,4.437556648254395,12950,12950,0.17407407407407416,0.16666666666666666,-3.7185185185185152,2532.5658951988576,10899.287753563262,3.880e-05
4,4,9,6,14,1,4,0,5,5,2,9,2,1,2,1,0,1,0,4,41,2,0,8.155331230163576,4470,4470,0.43676470588235294,0.10294117647058823,3.7220588235294096,3068.531593904241,14668.283991832983,3.000e-09
6,4,6,5,6,1,3,3,4,2,1,0,4,4,3,5,8,4,3,6,24,2,0,4.352013969421387,25440,25565,0.01571428571428576,0.17142857142857143,35.05714285714285,3099.7711067722125,14768.694161518877,5.800e-06
7,6,7,5,11,5,1,2,7,4,1,3,4,4,2,1,2,4,2,5,18,3,1,4.1420507431030265,18450,18575,0.16249999999999998,0.09999999999999999,6.498750000000003,3176.2893171055516,14128.579771759383,4.645e-06
0,6,5,3,1,2,3,5,2,4,3,5,3,2,2,3,1,4,0,1,15,2,0,8.410497093200686,1490,1740,-0.37400000000000005,0.08,38.658,2487.937638195534,10157.123219211235,6.000e-06
6,8,6,3,4,1,8,0,2,4,3,1,9,1,1,3,4,4,6,9,32,3,0,4.969455909729004,36440,36440,-0.11095890410958906,0.2465753424657534,4.556164383561643,3287.0393451929694,16116.81727342491,9.600e-09
3,4,5,3,7,3,3,1,0,5,0,1,0,2,2,1,2,3,1,3,16,2,0,4.3250722885131845,9970,9970,0.5869565217391304,0.15217391304347827,41.356521739130436,2165.3158922433954,8725.253567729596,2.200e-05
3,3,5,3,9,0,4,1,0,4,6,0,3,3,2,2,3,3,6,2,16,2,1,6.6278470993042,22000,22000,0.3127272727272728,0.14545454545454545,26.45272727272727,2495.884836962258,10881.24811996962,3.140e-07
6,3,2,2,3,1,2,0,10,2,5,1,2,4,3,6,3,2,4,8,68,2,1,4.965022468566894,16960,16960,-1.3614035087719305,0.14035087719298245,34.1175438596491,3101.0286629940856,14674.781832954035,2.700e-09
6,1,5,6,11,0,3,0,6,4,2,3,1,5,1,3,5,0,0,1,25,3,0,4.70293788909912,1490,1490,0.37241379310344835,0.06896551724137931,50.34137931034481,2481.5134537699587,10695.336849446638,2.500e-08
2,2,6,3,5,0,4,0,1,2,2,0,3,6,2,4,4,2,2,2,16,2,1,9.96889133453369,13980,13980,-0.0085106382978723,0.1702127659574468,65.00851063829785,2390.3532637936282,9297.45141518888,1.850e-07
8,6,5,9,9,1,5,4,6,3,1,3,5,4,3,5,9,6,3,7,47,2,0,5.534890174865722,26930,27180,0.02021276595744678,0.14893617021276595,33.7563829787234,3734.6360792788546,19735.30979484765,7.900e-10
5,2,7,6,2,3,4,1,3,3,2,1,4,4,1,2,3,3,4,6,12,2,0,4.570218849182129,29450,29450,-0.026666666666666724,0.21666666666666667,25.498499999999996,2681.9522044936725,11873.362741630799,1.400e-05
1,3,3,4,4,4,3,1,5,0,0,2,3,4,2,0,0,2,1,4,29,2,0,4.0500284194946286,11460,11460,0.19555555555555557,0.17777777777777778,24.31333333333334,2105.1982430191133,8166.692729937172,1.600e-05
4,8,11,6,14,9,9,2,3,4,3,2,1,4,5,6,8,1,2,2,18,2,0,7.245800590515138,13980,14105,0.6638297872340423,0.11702127659574468,29.212765957446813,3474.7144731190247,17792.165342239827,4.000e-09
10,8,2,3,8,2,4,1,3,6,4,3,10,2,2,3,5,7,0,7,27,2,1,5.397169303894043,4470,4470,-0.6424657534246575,0.0821917808219178,16.869863013698627,3213.499347651102,15914.722176302219,7.900e-06
6,3,6,3,12,1,3,2,3,6,2,8,1,2,1,2,3,1,0,2,27,2,0,8.834118843078613,2980,2980,0.08387096774193543,0.08064516129032258,2.727419354838709,2729.5969288588694,12031.383133511707,3.000e-10
4,3,7,4,9,0,5,1,0,4,6,0,3,3,3,2,2,3,6,2,14,2,1,6.281356620788575,22000,22000,0.3220338983050847,0.13559322033898305,25.33728813559322,2648.2517220236637,11830.912430751849,8.400e-05
13,3,4,4,3,0,2,5,3,0,2,4,2,1,3,0,6,3,1,4,17,2,0,8.386966133117678,8480,8730,-0.2072727272727273,0.09090909090909091,9.094545454545457,2471.528343121362,10027.084727133255,2.710e-04
6,3,2,2,1,2,4,1,2,5,4,3,3,0,1,3,3,4,7,5,20,2,0,6.03098087310791,37470,37470,-0.8272727272727272,0.23636363636363636,13.321818181818182,2836.619389836075,12533.242059072325,5.400e-06
5,3,3,5,20,10,3,0,3,6,2,3,2,4,1,2,6,1,2,2,16,2,0,4.630581855773925,13980,13980,0.5833333333333331,0.07692307692307693,41.09999999999999,3036.729266709395,14453.513297942083,2.019e-05
9,11,5,7,8,4,7,0,1,3,0,0,3,3,3,1,3,4,0,4,6,2,2,4.252716255187988,2980,2980,1.0681818181818177,0.13636363636363635,24.548484848484847,2577.592834039803,11315.172434354816,2.000e-08
8,6,4,6,4,0,1,5,7,0,3,3,0,2,2,2,5,5,2,6,20,2,0,5.74542179107666,9970,10220,-0.06166666666666664,0.08333333333333333,7.846666666666669,3035.7032548971843,13637.643087397593,4.000e-08
13,7,4,6,5,1,1,6,4,2,3,4,0,2,4,4,3,7,2,6,41,2,0,8.703441429138184,16960,17210,-0.15000000000000002,0.09210526315789473,16.973815789473683,3381.6810751150683,16567.63463468568,6.000e-08
6,4,3,5,14,0,3,0,2,4,1,6,2,3,2,3,1,1,1,4,20,2,0,9.630883598327635,11460,11460,0.3903225806451615,0.12903225806451613,17.54193548387097,2788.726459112297,12501.874130632874,4.000e-08
